"";"session";"page_after_trialVid_checktest"
"1";"__A_A4ONCKP4G9zWvWtTxXq7Kzc8-lNMh2izEa8VRVvORP1-7aQACljFRZaFXMnL";2018-08-16 02:24:40
"2";"_0TRf-WkNttuvEx7qMK6CPzjHAkvb-tRxd4ZijoPEwMxv0_Vh265sNwRw5Skqz7x";2018-08-19 19:23:05
"3";"_1hvAZc9qLQ2YfUyDSh2K7uk8g1JXNEITIddyhDivkCF1g91h9Qu09TYGzQg-U5N";2018-08-18 04:43:57
"4";"_1Jy32eKRjFQxO1NhZwnDQZtawU8CAdAxpJ4cA8DoW3ekzCsw8eYhiaXyJszp7x-";2018-08-17 22:35:16
"5";"_3MKsACprVptY-gZGKPE5EtaEL5bz9aykoUvWwAZxYOV44Ng7yokPUzW3oBYCpj_";2018-08-18 19:06:16
"6";"_CCgN5g84ei5ko8egnnZlrbv5oiU9knZPcaAIFnrHq5mJYzUoSVlNNOKW00Vf1Oh";2018-08-17 22:59:09
"7";"_CE7XBk2QC-I-FxMNfDr6WBkexejesSSZ5mZToL6kVece1ZuA2DSTXEMtsty8Sbt";2018-08-07 17:16:26
"8";"_d59N_r6yZEYYs3KSIGrDCAQXYs7gxxZSsjWFIDpsiXszJ5iGLt8lrNKifs-EzXT";2018-08-20 18:33:32
"9";"_dIuusHWP9enBN4_hNTFCD1KuutGGg0ZcgS123v7vtPlaBA6i131xLaj9CwHUBey";2018-08-15 20:21:56
"10";"_g9acHO0P8eQqgcqmTLOa74oqrHYhh1yuXA0DTDAXPNdOI95-kqkq9IZIwFLAn8v";2018-08-17 23:38:47
"11";"_iV4EQLBqMnsGWVOCi_PkO0KHZ325Wea2MqhLy60tT1b6rkTYQu0uS-R2FIbseFy";2018-08-15 00:20:58
"12";"_RBbzUznc_xrIUJL8Ef_NHMxXGYZi5pMRiTEnVormXRfJbHARlSMZqQsQUUHji63";2018-08-19 17:10:17
"13";"_Rim_hZKQtPe6pt1jPvxYjTRKWmG39A4MUfurNbFwa8Wsv9IzmOswEMxwnlJSBcO";2018-08-20 18:44:56
"14";"--PLwNJiTuN2Cz371G2B1rOj0yZVSOokRBHI2anzqLpwFnEWStKs9pyRxy5hnmA9";2018-08-19 19:19:49
"15";"-1VNN8vZ55chG8dMEzNFxm-M0nJSYYk_f5Jjtzy6tig2ngSep2oLvUOdLtiqwxmc";2018-08-17 22:33:28
"16";"-3lfjy0SYga8pkhhkBgeVtkH63FcAOTnVBFpzB_9rgEY6M51cMNpkRMMZpzDR0Oe";2018-08-18 03:58:58
"17";"-GB2I9T5_eJyfgJBMFhp4SVUtKeSY-Zkyzirn_StkWacg-h5aB-Nh3WTwItfplYD";2018-08-16 18:38:19
"18";"-ihkK242lirYzPr-7p8tASSUbGprU4SDmmT37wN2T0ZuTZnGBvZVm3v40ki5GIKV";2018-08-07 17:16:17
"19";"-Lnsf324V9hUU6qismrN7OJKB-uI9EZSoqCFs1pcTMS1V_Dwj5mq4yKMSv7LGa24";2018-08-08 04:02:36
"20";"-lphYj9g5Yfr9W6whk7AMf4_YDBag-W3j2OoLGT3Tf1vqfOLPD6jBgDDeIzlDmh-";2018-08-17 22:44:07
"21";"-rgFVnTKd7xjtBhb1vjHRCs0Eqgk6DHqNyHPB6skwmQ7_xF3mBuEtWPN5m0HmJiW";2018-08-16 14:52:59
"22";"-Ss4CIoCwdvMnc5BfcOKue42LQArii7-GM_ITCjjb-Bsl78RnN2I9I51rjKeAdhK";2018-08-08 14:56:07
"23";"-w_NbTzfTPXVIeWEfLQz15xkh7P9XcBP11yV-hxK6fjHKY0hfhZcO60IAxjTUJt7";2018-08-09 18:22:36
"24";"-X4lj-vl12EekZHwiJ3Zlvp89gR-L1kDhm0OLhVTN48YuGYpy9QtaKwSvZKMevYs";2018-08-08 02:00:26
"25";"-YwIma9zWcWrfFPb_psZMMJgBRlq2RXsOKlVMZWUoevsYZE0GGQfzSzkad5WIJrH";2018-08-21 23:02:21
"26";"00xwybe-qtIav9bDxrCGYceo7ED8RJQMC4P_bOphSBgN0hiXok5Haoj1DazI8hnA";2018-08-09 00:22:12
"27";"06Cp8MkaQbGUJSCrEmJvZHQiXleU23WxH3YF2ijmN7UAaJJNRNYFSh1cbGe5dIhX";2018-08-19 21:48:14
"28";"06dv-c_Qr4uAKyTZ8YNG4gEEKFiNtKt7osL6RXVizBeBdUe80z_kOWIV5lR4fS1r";2018-08-16 19:24:47
"29";"09ZI5FE1QZLKSHfFvtzWqXhbNV70Ph_M2kKlKRNJIKdyfI3llVJ6h_XgGsJRvxdI";2018-08-17 23:34:28
"30";"0apWIq1Pp7_-A23kQnv60FA1NggoJT5AtGIv1AFZl_vx0xKN2_Bdl69E6yAbd98N";2018-08-08 18:25:35
"31";"0dDaS0zatBLtdJK2BvPjL5D31ZLovzmkuNFI36J0ogLiw8HDrEANwv3zq_LTfFjE";2018-08-16 13:09:14
"32";"0fEzBTSPtkpedsmo0pU9J1Zud21LV6uW3B1ubg0KHcZtXVqb7JEFQ5SQS1lpm3V5";NA
"33";"0FV_cDfFbKSaHltCCQZr0pLhRUtb8Ldt-7BStTucP5EAetEKP8TKxRvh-SC3mdcr";2018-08-10 02:43:52
"34";"0IbUHh4_Xl3ezomTdSe3fvpPSwN-ZuU4kb1v3SJJWhUPHuqacfEEOPhuVnt38cKK";2018-08-18 01:14:16
"35";"0OMO1DPXySQfgZxw7Yc7MMEqiIuorbsikXeulzsh4rnk_OwavZ04569gU9k-sf33";2018-08-19 21:46:47
"36";"0P9vNy0RmGyqjE1C9VdGXEGvaNK4PaBNZPXjXaENj7I4W3PsObE5WZ7rbUtoIw2t";2018-08-20 21:19:53
"37";"0PTYr79TyhJPNqfLv3tLEcU-23ayO3U5V97tA-WMKDCOTyHDkF5fpDBSLb2khdSD";2018-08-19 18:35:00
"38";"0QE1G4dh5X_NoH4LaYh2gPqG8OwWmCy11HueANz2WPj9NhyW9N6aGU2gytsitZkZ";2018-08-07 17:32:27
"39";"0SOhNnbPwgcGS_6KOVL1tguggVTOdnHkpKtpuE5TestnP3hB0KoMAcAWcrS4N_ce";2018-08-07 20:01:19
"40";"0SU0aV3cTqzFiHXtOZEgqzfmdZFFBz9o5zf2-BMJOCigeblp-rXR29B4sclu9E1b";2018-08-19 22:39:06
"41";"0VgQ_5Qly_pke5m7r9kFQ3k9PjLaMqK0Ln8slbKRsvPTqMiDZC75TeTx5kQVddKA";2018-08-20 18:29:00
"42";"0wKMNuE8-Af2Dt2W9SWxW5PKIRrbxWk0cPnx7diFTDjVlcgK33GiOFE94VsYXFF7";2018-08-19 18:08:41
"43";"15RRorT-FJ0POuYY26x1BZJ8xpy5n28nU2ukgclmGyc1oMrlDF2PJeWpCPHvaus_";2018-08-19 19:42:16
"44";"1be1cjlodp8V0PzFjkbkhPlxeUhFE5YtCfgB7T7l3PqFILbCedugbKKIxbQtDTKY";2018-08-17 23:22:51
"45";"1Ge26J-6WhAdzG_kjhBS7N9OytHNEF3OSTclxBeG7gxiWXGnJqYswY33tZgxMQU7";2018-08-21 04:34:04
"46";"1IpofVf7yhEeYEQj7usIkbUWR3H5qntpstdjFxSRvVU_2qrZWKtqmXAuyKplGJRF";2018-08-21 03:56:06
"47";"1JJMyOudXMn69KhU5MynZJC_pCk1zyPDcbwYx8NUWuD3XRqQWP4ve09OPY5Fig0h";2018-08-20 19:33:18
"48";"1KhpicnZWRjJJ632ScSjjk_QQzMDdM4KKZ17nL4V_P9ZyKdPrcp089YHwWiU8K6o";2018-08-19 22:59:57
"49";"1LTkYsK-HDTaECj8195InJW5QwghxTUeJQNnyftMpOWJitRq-J5FyKmf0T9D4lQj";2018-06-07 17:17:19
"50";"1n-NUHFwr8tiu8we-9cJ4fDjCvLwzvjnZYv6iFPQFcY2DCCuetIQ5TYYj8UDwfLA";2018-08-20 01:43:46
"51";"1nKHwKvbs6rJeFEXsmNakiu2N5QEL-YdWtqEUlgtRpqLAzslqqqz_RaFMwNy9jTa";2018-08-19 23:57:45
"52";"1PYJpA016XZNr-xjUYHVdkQ1oibzdZGQyJtfA6FyokMsI2JOJkyPqZzeOxPKv8ku";2018-08-19 20:25:44
"53";"1SMlbbSMa-1nr5-gt5Ahcsxe0rRlJRxndhgq2AVn2Ve6H2k5lHdxO8Ka0xi4XzBX";2018-08-17 21:57:10
"54";"1z02K2r6cYBuRYW_2K0cIhA7IhKgNLs4vvEb7cczjOPXs7nPPv9tVvNeu2xOQ6rH";2018-08-23 15:34:48
"55";"2-_STEU5gjYkSPDh8v4j6RHkE4hBlsCJeC2Tqmgeai_F5ZxYhL0UnLS7gxK-s3i-";2018-08-10 03:27:38
"56";"22u7Iq94_z_O4T9gTWlf1o2uKZFiYGRazdsUoaka8hAp9AD78YziU3BTLlweQoVG";2018-07-25 19:12:55
"57";"2AE-sisggW4Tnef517l_KyuXYvg1Rb2s94IXoch53kp78L1NbypUHefGMXK1OEl5";2018-08-20 00:13:36
"58";"2bOQRjK0T0uYSEiyLmDSM08bziGTqlY5L1iVvosRd6BtNC3l8zsVjkqQKanp9A-E";2018-08-20 00:36:24
"59";"2BZugDO7ohzNX6I0FDz-OilAOcSu9OeSKskGpkYufwXfaIfedk44ExqlQaxukoPN";2018-08-20 18:56:17
"60";"2COThf8kAdd2ajMjB-ClnGITyDyj96Xt69gTiCG6I70eWWCFfqylhkKAan8x4fN_";2018-08-16 00:27:12
"61";"2cUbYCwakhq1DtXNTOABPmJmJxLsvFwUWrIdm3w9pxB_YH-WMFZ2jC-Xju2Uo1Rk";2018-08-21 05:56:37
"62";"2Cv7emh41BSTmHv1RnnQp81pT6vOUOpXGbIgVuC7NR0DKWOGXHWzf2QCmRcKEyJh";2018-08-15 16:53:30
"63";"2FQfGeOLu7iVgeg069uu_Z4zsNy91I9-2mfhI66gTH69YcZnmDcOIqPN0OhK-FCd";2018-08-19 18:27:43
"64";"2GzEhl10bEkJqCkqyXW2IHk8U5GxYlwkYJkMg2naPNT164N3EnarlPwVc7vzwFRx";2018-08-11 13:40:38
"65";"2hAdUvd1Q3orvCh7JJwKd8LmW2aifWxzuEGITqMzCeIfsYjeAYtD_n3SmU7LTM-m";2018-08-16 20:00:48
"66";"2HrO_YP_lGGasSzFYlVM8Pm_NwyNHEJwVUDvCtla0l9xJw5Cb5qql6yV6c52BxS5";2018-08-18 00:31:29
"67";"2iPMeXvdKJzjMd3lcCZ4zaFWR766VV9lb5fAwk4g2r03RMTHlQxlMHtLvu8yOJvM";NA
"68";"2iRuoo1c7-tFq_tvm58SBytamcquZtnAJlP4ZQ6eEp-jK7DSenwE3bpeFRKsvIDR";2018-08-18 17:45:15
"69";"2kl2K1cijeP8wqueqZyxJM_K_nHX8oaqABhT3V-9mBhic3HcWlX_oGqkAL6TxnsX";2018-08-21 16:42:10
"70";"2mqrZwTBtdYesUOVfGzI5INVXyau7B3TWtbtxRgCtEjMojfw8l8rQbIG4OkNUz28";2018-08-19 20:29:42
"71";"2piKjjI5NPbqJZnKY6l2YC2l1SY-RYA609S1QVcGFOgI3XeGRaouXQsc5Iijzkff";2018-08-07 17:33:14
"72";"2rtkZ-gxQSCbpRguxoePmp17pKloVNOPckTQ9_9AVq110hYfkU6uwaX0ZuWoDVGx";2018-07-26 00:00:59
"73";"2s4Ol7D-Rw5rooCHcacW1hBTgfAjPGXgqKB8o21O6jIeGkNOFbaexBYXQaDFLjiM";2018-08-19 23:36:51
"74";"2SEWsPsPwfomC1xkzzsdAF9SZm1eengfokmj3Vw7ksYkGqHpQ62yJQZ7a657EYNb";2018-08-14 18:51:35
"75";"2vZJgcKsmVL-HFB1UAgMRta5VY-qkCS0gYHQzC0CjLcZEanl61AJ_-ldU1Mn-4K_";2018-07-26 00:26:34
"76";"2Vzr2dG8FTTeezDtKYiZaJN5yaQdiDMcfmNSUzebOCR2q8W1pXynu9dwUSmDfX2m";2018-08-22 00:48:06
"77";"2z5lZJeNe9L5Q4wqfRyzF4KUiwlFk9d5gJnST6kjLoUay5nn4kGktTe6OhtNscnp";2018-08-15 18:58:44
"78";"321yEg-EuCehxYJGpfOKnIfcp1bZfuO0b1LqH4QB6uvKVlIYiOTjs2BqrdMieSmy";2018-08-22 03:00:18
"79";"33UTFW9DqdvKjOwLMOpc9ZLA1bZqEJ672m_oWXJfbyabUzwy58cG9M8qlQj_z8O5";2018-08-20 20:15:07
"80";"33Zm3pQN4HWmssHUcJ0xuQMqNXHTn_LVJSgMpv6ChOiDvyrBdemS_uzplsNyqJqg";2018-08-21 02:04:03
"81";"3b4-p6-1E7MY2x8TxSnSFkMJj6PWbI_iPMNeRxfZrzSxBzQtqmvwaxVZaUxST5cI";2018-06-12 07:49:08
"82";"3bRK_dgr8tmvmLJb14JYXTTjFDhkDlwM6lvIxAl5UovMTDMi6fN0nC5lzwzHEcyw";2018-08-17 22:03:40
"83";"3CLXvaQQga9ITUFmc4QpKApFkvSya13lO9kugqVS-HSwYmZhZSv0hPG3pFU-28QV";2018-08-20 18:59:32
"84";"3CwcMIKo0pFVsSrQFxfSXCvnJTKzlzvPlFfUb_bF6x21Fsxi48FxAQjoOuJHeP-u";2018-08-20 00:21:07
"85";"3oCW_qbJDu8_Q0WXRnbUfPkCzt1RovPRe6dQ4SAOD2wl2ISJ8cRm54oF0s0EmibH";2018-08-19 18:40:45
"86";"3P7W3wKOP53nY1BMizOCr7RNSOEz9D0DJErHCEYd55oHGjFBlHNRd18Ly7kULuYr";NA
"87";"3z_-P6harlmMbIn3MsK9-eEbcgAI6Xdh07pdyoK26dNo61JfTw_BxB8kZ3_l8q7L";2018-08-21 21:08:01
"88";"3ZEGy7-CBjV-XHr9Ymqa4scDG_5BxIRt63iiP4vlDNDwOL0I4cX1C0hR1_zIVqPE";2018-08-07 17:15:55
"89";"3ZIBhPkOFdlPTiOShaUiF3Ev-rK9JMmuHcbYckmkESaf8ovl72QjM419qwKuxsn7";2018-08-21 15:35:25
"90";"4163ZhbDc-coVedQK7kmHctfOjFM49kDGfn36MBdTvBrqGmGZlCtNPzeSJHLIXw0";2018-08-15 15:39:45
"91";"4BC8J3ZDkN3HexBiyN9n4TUhBxGnvWFvl52Y2zUfzr354P5o-kMC88zjAqR7FO08";2018-08-07 21:14:21
"92";"4be5UCl-fTbg0qd6M83ZTf1Eu-SThGUnNVKWFf_wK6EsyHcIsLEFJwjiqpT43iCH";2018-08-20 21:04:54
"93";"4cBYJn6l8SfUtwkVjIevzKA4L7HWGVl8lcekXkegVq5wSAzukcz3wPPoC2It9jFd";2018-08-20 17:31:34
"94";"4E0sDADoCPBdGAdLC5kk3JKI0xNzogo348T6ENOi7u_ukqxLsLo-iaKX7w5E5Vpu";2018-08-19 18:01:15
"95";"4E2xDMx4rTVCp2iCQL_FflRGgOWCouasMdCDopL9g_BZ5O6b9fc5MNiSCTAtGZFq";2018-08-17 22:57:36
"96";"4eOHOhS5i3iRueJOWCiHgjjviWC8R7Q800K3RKTJ5D4YRnFMXli2bPVsabgBV9rF";2018-08-20 00:30:56
"97";"4glqX0bkfKnbIbMo7t7Vp-tgy5hnx4QHdeBTNpxDBwOYIlnupqC3nUIskVuinyq3";2018-08-07 21:57:06
"98";"4Gq_2lQn_pIghlME98XKYydnwAYABYiY9nrjPpaKiqeOfenxymotM-bbeEMoHa0y";2018-08-20 03:25:55
"99";"4H-7dR_rDgCbqZ6A8rxBom9qh5yQqVavKNUxo3DacOTRUjNQX2-ebo6DPr1faDY1";2018-08-19 21:41:24
"100";"4i_NNaHoP18uziJFokl6J8gNd5zgh15HcHQa8wa9NbQRJbK8G6qC0-38KdS3qSaE";2018-08-20 21:43:00
"101";"4I2toOF7a1EjzlZQeGQmHc_A7YnrTwGxmYUP7BJPsGkb0maCxe3m1KcF-xKcQSz9";2018-08-20 19:17:45
"102";"4imFj4tiCkmnkXDUS1Zh9Rv9sZXzHxMG11RkX_F39OxgULk_8AD0LwNZkITqA4L8";2018-08-17 22:25:03
"103";"4JjDqs8jgvO9bo1idrE2wEYA3nNj7xS67H9Esq4nKs7EyG5Hs_KUuIwc3ohYEbtn";2018-08-20 19:17:35
"104";"4MKyXD415iW_vRtmfgAI86wgHhlV88KXQM0gaizubQ6JiVxFQtkrDRwb3jDInfso";NA
"105";"4PUtGR7EPP2WJYtHsxE9yIfj836HyKRYHlc_O3cmxaA0n7b0h1UX9uAUxAWJsCNN";2018-08-19 18:05:42
"106";"4PvSJSf1E_ydhp9n21JJUKrXR-D0TeEzQ8-LaCQCLyHFMNdV0gi6bdbmgCUQJWQf";2018-08-20 00:46:29
"107";"4rL8T1mxNVipyMp7evrcXCfDv1dKLWMXKUDman9c6nSlUOjNLa6wuv-2fsfwXfNh";2018-08-19 23:07:40
"108";"4S9-FsrN5X6FlyS5VOM04W6zirJb_95cPLIxgE4u1mJ-xh1gBBtZbd5yWbmTC-_3";2018-08-15 20:15:21
"109";"4T7jreRFOucdGRWSaIfsSyeoFUeVmgZrOpVl9fi7mGGb3f7IFixf7xz2g6dGTf9z";2018-08-21 17:26:15
"110";"4uMHAEeBTlof5Wp-9cPt4R7VF7IlF3f8dVFcUAwHnCL_4XqUTsANYszLAEaZUoZD";2018-08-14 22:34:21
"111";"4W9F8OIPX2zbK1dadMdfxJA-qkTqPLJygLs9y8baS5eXEMGlkXQQrE27xsR-I20S";2018-08-15 20:32:12
"112";"4WHDkVYi2xcUVL1yGKJ4oRN_QESAfKTxXya2ZfW976IkGvwNd7vjYyBPfxzrpKyF";2018-08-15 20:36:18
"113";"4wMXCE-vj5L3I7-SZXRTMqeVBmT-2SGE770kkUebpMWrGV2TsA6FQYgFebj3Fj_b";2018-08-20 19:24:04
"114";"4ytzDvyUTI94WgfH-zjpSE_T_yWjAnUFabLHeR0R_mtcvN1EHMM8N8lsxDhhfSk7";2018-08-19 18:39:27
"115";"52AtOjo1J5DbF-2Bf1InUob1x8MMHHjIa34vWq-Mxj0BxY8cMfP4Uiv6-hUa3XPv";2018-08-19 19:18:48
"116";"5470opoUIgLIkHkRsnHbeEdnVxjGJCXWRnRaFT7Sj2NJ4idi1-f5bsTw8NVNSMFh";2018-08-18 01:28:06
"117";"54hRI5R20UGgiQvFidtPUg0mvn5K9Wwxzl5t1rW9hwMEAhEmELzdpQGwlcgiSH5Y";2018-08-19 23:33:04
"118";"56L7B_8wBOlexFBixrFyig_U6tQtlybcAXN0vK1IkO9zRfBTA3QeJUTh59r3AqJU";NA
"119";"5a4U1gQZ8Ns4fFEepbeL8l1vTxHFpHM--KgZxK3_t6JroSb6IrhRYAnhKJiSt_bD";2018-08-19 22:10:35
"120";"5BwBihQtR0dMgZLO6jat3g__qCIxEGGsm33xy43JY4Ubjj9HZWdCH5z0qPLCa11I";2018-08-18 23:17:56
"121";"5Excd_8iRRbU5zeTPO9z3x3AGb2AcBbWUJ_58-tH5EbVOCKFGhO2eR-U_23RDyAq";2018-08-21 07:43:04
"122";"5F6MDulNH7Z6rN8N4t3ksRCsTGmQevf9bvyN3q926jtoeTA0oBx9xtsw9B_Ftgdj";2018-08-16 20:14:49
"123";"5Fl-XlKMjAPEYEZCDkSCCfchvV_zPAayLNgEvCoFLPvG0VA5eEotDwxSIG7tT5S1";2018-08-09 06:03:22
"124";"5jKidbpP5p4tHHkWP-uHPnUf5deWzedXhNXpFRDdjeBKybkWmR6gqzrCCeC3-4h2";2018-08-19 20:15:57
"125";"5JwFzHY1x1VzZJIlZ_e7pGjLn8yEhZIZvOM1vBs6VOi2do3zr2BtiiAoQ9cgyrrK";2018-08-20 19:32:36
"126";"5pCs7Se2KBxPJylSOFT13Lx_Au9UY0OFxYRE68swTyYAuA9AHckYlkVToihiuwfn";2018-08-20 19:14:56
"127";"5QWRERGAR4e9RKFoxJGQ02o-fbeSMlqgN1bE80S0wNRYNCJckT7TpEJOFVsVHTKd";2018-08-08 11:51:26
"128";"5s0J9sk9lfKU5PppFTAUufWJR7bgWF65LLkKLWMTagKHKjOjr46UVc7VAiVPtUem";2018-08-17 23:13:15
"129";"5vNSZkIVMTlebRgAPrkrhKGL2KLScUoR7Ita_JSKGKYwYp-dy39YJLmPnLTWUeYN";2018-08-07 17:18:21
"130";"5x3YlHnfUw83gxQFBBeDk1YeMmdUGg-bgjLpxs3KOUcg1MAJAkM12SM6boMNxX2I";2018-08-15 21:37:38
"131";"5Y2WZ53pLyD3TR7nuilUCPkzjb1ngB-RpnATlpRmDzvdrL2nPyBVsc9OYZqmWD-D";2018-08-17 23:47:12
"132";"5ytfTLcLFnBrAHih1PieF-xHfZD3tDKr-_UL00X52Osm2AmXegOodzQgT2JZOzrb";2018-08-14 02:24:27
"133";"65fjs2dCwJqCDUhTJYlW3Baiw70RjIN73LNT4FeVVmc-FKe0ImsYT_5GTI0ytSdz";2018-08-19 21:33:05
"134";"66WocW48hu113eIydkviTrZOiS_2RWAMBGn5lpzhqhICT9bh5-UAhLWqMPBRGmIk";2018-08-19 19:01:58
"135";"68NJP5T1ik-hO0T0OJvxkkT8k7_NXhe5krZEnbZDX573-SwsfSp6jNfKnYEAzkOJ";2018-08-17 22:03:21
"136";"69nVfn4GSmaiZgrcTti8PyEovBdSGI1qE5nujzRWimq7cyRwe_T896bcDCMB_jb_";2018-08-20 00:49:23
"137";"6bQKx6glgxuP10yEU_vxwh0RL9D2ws988_V9wF1aBEKLhJ3NS9eFPBryW1DzWQMR";2018-08-18 00:32:09
"138";"6FeUtC-5TIlHgiy5fVWHfFLuyTrbU3wp2Y9VGO-mlJiAwC5goIp0JLvPZ_iAV4Ep";2018-08-22 17:42:51
"139";"6hNq2x5smVnpEUr_UoLherS7EqIo5_nz_HMNPKkUd09OuyXm6_Hdw-FhILGyjuUz";2018-08-15 20:18:33
"140";"6JUDogx7iTxUb2cVNswO-dDZWKJKZ-MSNT7WNZRn69P03iOZRthu9w1sdHPpWYOS";2018-08-17 23:21:45
"141";"6jWooa1IX7TYe5AsqtUrAGg6MCHv2sepmHE_H4Eu4XfjpAjlffzGek1xj9hexUqx";2018-08-20 18:29:43
"142";"6KIpCYEJlf93lgxuMI1YngFS_pqHOpL9R64gUndS0oYTXalNMWbETP17LIoBXpw7";NA
"143";"6oVVMUCmukcKjgtHfM4QJyATmecQGibs6hNt_8uasHTGmCGLc7whQsQlXaQgIOqJ";2018-08-15 05:22:36
"144";"6spt9aAA_DTzv_up0bC9zioPGXouhb5e1pmx9Urhgq9bJGooTVLaUG6UuEUvCIMT";2018-08-07 17:36:59
"145";"6UsfkdR46X2Z7t5hFJ6Y9meP0k85aMnH5vrfIIA6e2MA79cvNFliWH0jplR6M57x";2018-08-18 15:36:55
"146";"6UtBpwCmnG-gFyAnPw00oFMpINXInvG1m2zGsvFwZmNJpWK4pXyYVKQDT2RMJ5gE";2018-08-19 18:05:23
"147";"6VWfFBCWHOHR7wudaZw33ROGuy0HCyO0NGC1afq1ilSeKd6lIBKrTk8YvBxaA6IC";2018-08-17 22:18:54
"148";"6wnGf7k713-nM1FzdOgLsb_l3wpP2FYeFFzK7CiMpc6qpKqxSyfiRHg9EXbAros8";2018-08-19 21:26:50
"149";"6xVui5hUA9uBU_R2I9hkbDU_Gs0EP4g-AZW4j-ciuLRVwhsZjMgbQdPX-VAQOpt6";NA
"150";"707ih4JC1Fh7cMDEsFAwi68Yc7BSZHBdpurOYbzY6CiSvY2VFxveOPk4wmIo8Mw6";2018-08-17 23:45:12
"151";"73Z3YbBXvJ-f26qDbuhvDpbZGEk3Cbh5nkGhGEreKuo-Gi6oKhIRbArZmdiY4deC";2018-08-15 18:54:40
"152";"74QbLAMmN8dldY_HH8bggK6zXH4kAXdObAkj3Skr1KnHrjqZRVNUilyL7twChQoh";2018-08-09 22:16:15
"153";"7b6AJOOwxevMWVnoaVcH3JNimHv7icdshLVr9K0qq4TEvM_kLUJY5j0Q2rXIRMPk";2018-08-21 13:29:39
"154";"7DxV4g8rypjyniYVK8_gOIhcbLgGnTm44xUv8LquP0eBtxjelo8CKfOXQbBfxMm1";2018-08-17 22:37:13
"155";"7IjKK01JTVxg-dwQ9pLE1tvrmIkZIcqlqtJUWXfVEZhKIaeSGeNwTUpgPXeC_pJV";2018-08-18 00:35:45
"156";"7IRmlgSNFLhaRbS3RC2wZ6EMrYqq-9l1FFXlwTxaoaWIb6Elq5vbVLFMp7KZR-It";2018-08-22 21:48:09
"157";"7j8oADzNfz5PYLEZjUiHZiyNrwJZJL_Vza-3W9moHyQUB60M8NharRR1gZi-KVUP";2018-08-18 06:34:20
"158";"7MCQuX0w_Gs-ubE69Dr90WaC7ZFFrSJfuYd-JdhgmiAr8MfXLIQWERyS1GStKIXO";2018-08-20 03:15:00
"159";"7rbRE7R4B7GNIyJRf5iytwpSywDSegMdKxcRO4U_u8M3fHINpMhpgF08t0Y3jUPt";2018-08-20 18:46:40
"160";"7SDyiWXE467YaUzImhWC8l8XiC2jI_PmSTIhxzwswgnXxM1OJyegywpW79CgaPlx";2018-08-19 19:33:57
"161";"7TKFy33uZmLWQtdHwAmhbz1tovWBJt-Q50N-3MwltvIoSoNovM8q7vu2nSPm7CPS";2018-08-08 18:27:55
"162";"7uRApjz6ZIC2ZhiMmeFKCkZ6WfA5kZStSceyQPycezPvkk4OQtu-zXFlYk8izv0v";2018-08-19 19:50:10
"163";"7ZM1H84NN04rMBxhdXCay-cer84FLJsFiemMa7IsIDsVRq6a3_fNKFvdj05ZgP02";2018-08-17 22:54:59
"164";"7Zx-y_y4vZppnoOKZUpf_TgXltU58XhONLOsc_bbTrvqNk1B3HHob72wTmjGhH7R";2018-08-17 23:51:21
"165";"8EMm0orma3VNIK8dpYRLbtrBNozGT9IklRkrFpar99ZkK5YTUdQxClCck24eygp4";2018-08-16 18:39:14
"166";"8f7tzWCEDSJkJxAe11jg600fT50zQAXaISfEJvdmZ1Ip2Yz6W3SRG6D6mBZ2oafV";2018-08-20 18:25:12
"167";"8FyBxxT2m9vcx8via-R55QxUFU2oyN9_9hzhYULHoA76e3G2jJDCUq4Vn6fZgkVb";2018-08-22 23:05:03
"168";"8gnuEOBTwy_1VMTG0akmonDEX2mev5KmJv_5xs4dIPT9HHT4Qdato9JLHBPgk-c-";2018-08-20 00:20:27
"169";"8jZmWO5bZDFcTLE-ZwWivNajUpFob14-ltqBby86RAckE5JXDA12FsMafl48IMaK";2018-08-21 06:01:55
"170";"8m-msf5R6FDaRop6TwK-mZsjt6N41Cc9xpcJ1Mb5_DcaViq6jsc2jSF6-kuyVltE";2018-08-19 23:49:08
"171";"8p4WLhs65BGVPb2LY8MdxzSXdWp4RiYbfIJM-f7NwMiAFqx2-XYtPLWdgEXsXzSL";2018-08-19 11:27:51
"172";"8Uo9rc6IPB8UT2Spf1Pgy-lD318QoHHEvZyqzHQSlNdm7mK3oI6IhkSDz3lj3fob";2018-08-20 15:55:18
"173";"8VeedLqv0v9WoRG0d8EBf0SVYuY_qiZEMe3Dx1D3NT9ucavi5OtxjKM3PSxuJOL2";2018-08-19 21:35:54
"174";"8VMHVBLPzNv88sEE4lO01Se8Hn31xsOPAPHB_5x3-d4kgHXGyLV1477dItS1GC6l";2018-08-18 19:04:00
"175";"8yjjwJ5scUGGcl_4RuQ5PnoeCbX21L5AtCcoyJK3-Oz9PqogD93w_bzMxMJ5cZ2_";2018-08-15 19:36:12
"176";"8Z64kPvruaSppCJkzvkSzv0Uh8J55HdtiyU1KE6DjVJi09LaDaAyIiw0tRxaI_Ye";2018-08-15 19:01:30
"177";"9-123JnCUdUgLkbDAp_d_qEv8sHsaqV2AKVlY7Ncr_nmvHVj2c7v_Xt-KTzne4t6";2018-08-17 21:53:59
"178";"9ibM6wHwt6aozub664n2IQsjOGL4Q1JO9ldIsBC84vU4J7cCpsA1QFpt51Ljxd5w";2018-08-19 19:14:33
"179";"9ji1YsFPYUnNUVUUleOPfeEHr3pzPYNujQAuqq2gZMWKLPW3x2aY7qi2cs_kstWT";2018-08-19 16:29:38
"180";"9L7ZnwlMgLLN-X_kDYGZfvhgTEF8JB6GtS5gRRuZzmu7bC_D1zM_1qPaZo0G24MV";2018-08-19 18:10:00
"181";"9T_q7kyN1CNtmc5qjykA79uOQl_IATGcQf7-HgrtBe1e-Y2CnfAXlOZUoHm5yte-";2018-08-15 20:23:26
"182";"9z2d3rHzdGRY6pcHoULszEUOXhlFOk8m5QtEdPy-iU-H9r6feBQh_-Hky0OARTtO";2018-08-19 18:57:11
"183";"9zbWjCymvgLgQQDyCNgbC59tnYbNCHuY-z1Fb3kvK0emfxWHpxqgduhzgfaiRwMm";2018-08-21 23:43:53
"184";"a4ecVMbMpNBRgN3VMUzngVZfAWK-DhkqS1zWIWw8-OtKg8RW4lMtujFzdYeDi-RS";2018-08-19 01:15:58
"185";"A4oCOHEuiXfiXAxSAbj0YUWKxENeLZOgUdoGbYvw4GXmDs8K25EJ7UMIt_2G6cEJ";2018-08-20 04:30:25
"186";"A6jolibW8Xa6mPw-IQ-tXTBOKZMcf6I0UVBJqNLNasrYCsMivEZEudvhBdcr-mHI";2018-08-21 00:22:14
"187";"aa2Q3Jv6p-CKJ1Ko9FvOGbfSP-f-lmUJ1tLQEoCXt7vrddFrwc8UuRb5J_B_mwUm";2018-08-17 21:52:17
"188";"Ad89slmvpcHm-ErHJTFsTKsUxtIjPhsuC89qLGDnMiCmF4bjP88MT7X_jzOze50Y";2018-08-19 22:55:52
"189";"aes6Y8GGKltDksG0R2YASWeClNvsnft7dvBq98YNMOtY2rz2hQnAYvk1zKXQuV7i";2018-08-17 22:02:41
"190";"AGX_MFXuaigsSLx-Rl5c3mX03kGdolj1UAXcEdDxo11zeGXSyDaBpn0cGRp2vcQr";2018-08-17 22:01:11
"191";"ai28DkU6zwvQXrs9Zjl8ibMGrBUcOF3b3_YWq4030MAIcUyDUKgMSP2nH30p4G6Q";2018-08-19 21:26:16
"192";"AiuNS_369auyKyzOI3IUDMNKm9vo0pfKWu9LD5DBoSl6_jRJkoD7Nb0_hq-ojB5A";2018-08-07 17:21:43
"193";"akluODYNPb4_VQFvQwqhktsNgVJM8qplkc0SQOIFvwcIR-U-wyAFoZGV_lOXh0Fk";2018-08-18 16:32:22
"194";"alwIawtawBh89r1owH7BGkiYL3UHnskSg1080JoXRSC-u3hNVA9-o9wD_DsTdMxl";NA
"195";"amUei3eC3jLiSp3-hPIhh5DWtsmXmpL9cN9h04YCWZ-rtcr1wWfUmMTZV8sGr-eU";2018-08-21 03:35:58
"196";"ANCs0-DIQVsnMTx_Z3MeNIgWdvtJwiJFX5S7rEi3Fp27wJb-zUhMrw04WUAYixul";2018-08-19 00:10:14
"197";"anS5N_G2YAHUr8OSGXxIBp24175zuYYv0SfWT2IDRu64-oJcf1Ofz7QfXNE2SDPL";2018-08-15 18:50:06
"198";"aOTb4rw91f5W1kBJ8u4ooDSwJuQlOAYq5p3SqunnsUzwzYFy9JpLUPNlASlgml3q";2018-08-15 17:30:42
"199";"AOtPmDU0RfUfqOctYV_s62AlPD8TLCqtcJo7NnTjv-0O-dFmlXUolYQRlZNWsXJt";2018-08-19 18:15:34
"200";"AtumsaQ0Kmv9Ig9HozoLsqQim8N_dgFJ-7hgPxmqxNlP4ckOPFv4SBiysfmqhCDr";2018-08-20 00:08:04
"201";"AVuVZ3TfdnZy5OmNgz9gYkwf8k2ntomKWiC1PZ368K9kK1z_0dnq9NBCLGpmxxqs";2018-08-15 23:13:58
"202";"AX52X8hegK4tZ94IH0Ey54VGNa8IPfT6jBLls7T5-H55biF5wW4llHAolyXcWNYs";2018-08-19 18:56:35
"203";"AYfR-Zd4pJo7vF3Ru6k6IIFBViGrRYwjiGRv62n5rPD2KRYztpRZdhDGMG8w-8af";2018-07-24 14:39:24
"204";"aYZHgPtHTRz4sXwCH7xN3EqdiH-8M9ityj8g-EMKy7gpGtNQu9OGMldaPoNaea3A";NA
"205";"b3rYgakWbZdTyGkL2PNYbHJFgSjeaOYGJyb1DZBq9tEd1QGcsNugkbHKVRqIeKSr";2018-08-20 18:39:38
"206";"b3xPyl52hW0Ompjb1FUjBNz-CMwkCa482Pp1O5HZvuH3ubcKB6Qs-ItfS63FuDaH";2018-08-17 22:51:16
"207";"b7P6nS35-zV8MPyunZPXFKdyfk11TXNFjwGQ6ND1E77Al6Q_Su0ydVPBQEGHNeeD";2018-08-14 20:27:09
"208";"b7yFT5Jjtn3ai2h0c9kAUyVcUFICNH5z17ClV9SYwd1qqhzgz8T0TZ1zaF7eu_8Q";2018-08-21 01:35:55
"209";"B8E8Y5o6Z6QyDU1I4H6Ima3BJ_2bUcwoHVrwqpp4ACvyn5l2Av4kedEWVYMuTLrZ";2018-08-20 15:31:32
"210";"bCeEoSUghGWuxbD82COGhFM5OOTda92u37cxn37EMeGBTM_QL3F-oXyWaAN6-iHX";2018-08-20 17:54:56
"211";"BCNSykJFj6QBXIFZScYdLQlFey2Vtz_8bdJXz7FY-d0kqB_LOlDH3D0sApLmB3zU";2018-08-07 17:18:14
"212";"BEFDyCHBM1zXgtLYkP4NHJJOClVLh6s4VJ6yRV6-KLxf3pAUsLd47gdlcz0sTfjq";2018-08-20 18:33:55
"213";"BfHpgwV-BPwS-ic_ifnFTQsqx5xOuWZ7Tb5JBFyxBvZV_JY-X-i3gXEAFUatzlr-";2018-08-19 23:51:46
"214";"BFyjg0lgb3XcHMNxSqAheTQ9bAm4dh-YEou3ph0cs1-563Rx7JhLEYr6Ovpakesz";2018-08-15 18:19:43
"215";"BgWfeCzmjW5vTfyR6z_W7KbsCkFLVbAsP2fNSjBCIlg99W9ynJI_m3uAu7sE8o1a";2018-08-14 18:37:36
"216";"bhrx61Kh1VjsCenMTu5WBCTgMSKjEoVuMBmrtvIVqokCKPFeAw2w5lUyuoSCxxvg";2018-08-08 03:56:16
"217";"BI5OfpmxtKGrlmPFcR0KTl6SDdhGSWE4BCy7xoeiRetVDiCWLBk2e8OOfjrest6G";2018-08-17 22:56:03
"218";"BJZDabIl7u_PmohtsRKFgWPgEGM9Au1OYY-rF472ZbIb8_9ORCReTlFeIV6wPXob";2018-08-18 03:09:15
"219";"Bl_13JV9pM6rIRXDF7coZ5Zjh7KTnsdfdj6D2hTVKYOv4ygp7BKtTAngSwC_UBgP";2018-08-17 22:00:49
"220";"BLOL514tyOWTZHHcE83kGdUvkHlPRZI7wEKMcvN2rOMzu3WXAd6nTf7ukiF6uAc1";2018-08-17 22:50:14
"221";"Bnxsos0wVUR2RxbQFqNCsF2UtpaTVMsdYNsq_cBIWKNeNSj213FMe3cjDR9oPN4X";2018-08-23 16:42:58
"222";"BOEHzVdWxMHanJF9txGe5qnNpLtWSryPfUEf63Wce0YaA-jT47MIormbTHEMiwab";2018-08-07 17:13:29
"223";"bp5HwvTUphS_uF1pgD6So8vla3g4hrxvjhK518d-fSg1apXXJi2CeM6UcLuD6dF5";2018-08-15 20:43:56
"224";"bQtGxdkA9hxCmvVDLn7AEts2hMuvurMo6OZumRDXCpkh1axju_ukkWZCwDLlAevO";NA
"225";"BrNMNP4VayD7nVm2D7ULJw8E9u-ppM4Nv2Rd3YtG3s1dQ7qdT06Twm0q3XZEZLTU";2018-08-20 19:08:41
"226";"bRsj7MGq0UZvNYQ9De-jHpUqETqHM6ZSBHT3QMg5Tb-eyPFAgNhVoWOdov1JmcNQ";2018-08-23 00:38:00
"227";"bwyMiodSA33UcMocHBj3p2X05Pk42OvVlC-UaB8zTt_fqZoAhoz12NQ2qxYqwjfC";2018-08-07 17:29:52
"228";"ByVJxHZ5IWO1p4u7nl05iVNn3okvtkMm9T5zNHGVeYkPIQ1AMOH-uMP4wKRtcAx6";2018-08-17 23:41:28
"229";"c-qUimLnwQv595yGQJ7SHc_4qDfSWg-X0EVAui1gWuOVYv19ZqAinppc43jzyQBN";2018-08-19 00:31:49
"230";"C27EF-juM_84RNqE4Z2UshMaChrNr3Ux-L-L01cXGolvzQMNNJ82glBCSRm-NyrR";2018-08-19 20:01:59
"231";"C6JU02TenKo3Y8q7nVj9sPJug9opicFHhw9_9r4xgvT-Q5IFw2Sv2-VwYoHL40WK";2018-08-09 22:53:22
"232";"c6P3spr7vyeISkxEcz9WQrMa32xE1nE3EgKIMVWtN0bgU-V1OhnJzVgKxMnYuK1P";2018-08-20 01:26:57
"233";"c8RVnAktV5LVAh921i851CrjBbGZjR0nVRI046MXpjuqSt4FEQ91d4tBJA42gwBn";2018-08-07 17:24:39
"234";"cEW8y-6bkdl3ZyUgYwfOWXUd0hn3iik3nRbCJW_yz2rDGqEAUzx-ajE5v59QjrVr";2018-08-07 17:24:40
"235";"CeZXFIxiWvENKMOnal3a9zlanNPYKyGD-lQwnXUNE6Ap_96mbfnPaQYHMKffiWAr";2018-08-15 20:23:38
"236";"CF1hAvxzSUy3_Pf1AgrTNEeArBzfWnBf7x96rcMWL-E3VA4WVv-MjYsNIVE6S27L";NA
"237";"cGPpgqTKOHhyX-PJn6CTmTiaeAV1h7QZd96tHi712-KZkshfnszVqwOeiVlZCEJ9";NA
"238";"chlCO2ZwoIAM3ZZbeEYAzZsgShzXsAS7NQfvVvrcAvFcsCR8Q47k9ibTCnUa2d5M";2018-08-14 20:37:04
"239";"ChmjrDY7lmeaE1bBS202x2PUChya6VIKu2MqU0Ap-2yOPbRaMOAQSVRoQ6JZQEX1";2018-08-20 18:56:26
"240";"CHWVla57K121rDNX6ge8qKZNCw91w7XCwWnO9ZFdN6Ql_MNW_ZHlAgcMrCGMkL46";2018-08-14 20:32:47
"241";"ClMyf5hFVCDA33IJlBpSVIExGl1vDZLOWWl0aR2qDlnxLDpy8pm8pn2S-nQtZ3K1";2018-08-20 19:44:57
"242";"CLnxfGsfmX5MiwiVwtLksvVIcR2GleLZ6X6iZd6VSQlPxMzjWOgU7kok1yyxtZfT";2018-08-15 18:55:02
"243";"CNaHDeEBxR7SFs2HDZgaGi82vnYG5ZtcEJYjh8XplEzho_rHZ0SOXhkDmGhnESUb";2018-08-17 22:47:14
"244";"CpzaHAhFOJhASGRsN9lJi7JtIzhMPt9AuoQ5w_Tv_vVjKoKKbnZriiIlgqTPMhq0";2018-08-15 20:19:53
"245";"ctM2SpqZtXSQtP-1He6uzkmgTNTrI45bWS913JED-ActmVUcuqlomZXf24uhqbmd";2018-08-14 21:00:13
"246";"CTnZthofw_mpOvkp1Ol_4iB9xFbVVUFNH7iaacsqa10DWM_mpE3skdb3M3iUvxZl";2018-08-20 18:28:02
"247";"cukFLW6EBmd80MwF4nonKlNFX_SBmgnMp8AxWy0H7u47btuLmvJl7wYBeBpntm3m";2018-08-14 21:09:03
"248";"cve4BXIN4C-KKtTdS1Iue7-yyPRVkTlRA7iOton5snMcuFUPHAujBgPqpilJjEDa";2018-08-20 18:29:49
"249";"cVyhtnIG-k431XYfhRQSvIrrn0F6CflQAOckEmwiKgDuSvXJjb9ot_TDjPAm5qgB";2018-08-07 17:17:41
"250";"CWKeogDuNgDY4AVQXhNWf2ho4-NZPmvLvTvQqsHJfz4r880DUWtBh-kpkp2wwTi0";2018-08-20 00:52:04
"251";"Cww-s-nLt9K2JgqjIk1x1QLfZ4hsTW9JO_F2i4XMkQPag332C3bz4TMpfVpkmlxx";2018-08-19 18:59:22
"252";"Cxt_31bkM4YvmJWdtEUvnUvzukzcqadtz3MyVECdys3lpU5I9RvKiQ5PboUSw1w_";2018-08-17 22:00:21
"253";"CyORu1hG-vRDaw9LNCmR5coHLIYtDjFzJkhB1TcISP4KpDVeFsZX0zvCyKYKAszY";2018-08-07 17:47:02
"254";"cYYQMuoo3OpdCLjJz21zafe4cwzZhNOPZvFvaSCUh4qUE8qxEH1dTgA44EGZAbMn";2018-08-19 18:20:14
"255";"D-Zeu_EZt6EtMiGfXLdbUkOMCg7Dt3d-TIKmkusC6DF_7-K4z6zmPMYGTG-vF3OX";2018-08-19 21:38:54
"256";"d5dnXwAaSB2s6wUn_wOyKLptpks5NcnEHyEx4YF-S9pBFRamtQ-H5zOYgA1aph6s";2018-08-20 23:39:41
"257";"D5UM3EfPdE3AbtMQNT4YCZu8WcFc4NcBuZ5mHk3U8EU11nYkpdSOjlgoOm7USWZb";2018-08-16 19:32:45
"258";"d6gLoOGax8BPqagauUXNUPMxR6t_gegk1iBFM-_guQqkYPiIFnpPL8DTUhCcPN-T";2018-08-21 06:32:07
"259";"D8BXMm3MbP8O4G9_iTPM9keLC1x8uJEfQPIQP_6atlrzphZh318-0Gd4oJMo2EzM";2018-08-19 21:54:58
"260";"d9nqrAfeF4KAore_n9wjIjYNTSIfzh5oNhnMJ79krDxNxxmw8B4vIn7syy949xLC";2018-08-18 02:20:35
"261";"dAucRvmbtDLpmeEgTUgjIsaAzA51WrUKbznEM6dya3wXm4cEpNrw8qUrByzw1QNr";2018-08-14 20:34:09
"262";"DbkvX2vW0xrNJwfr3Oxy-PVfkO7UcQ71Vq-m54ChDpWjBEabJ9nzzTEefrW3qZFe";2018-08-15 20:19:56
"263";"dBNzIeYtAzeHNpcJQzs5kvFYIlHUnBzxRB6i8NJtu_tC74Nn8SGVjForsWx_nR8S";2018-08-20 17:05:16
"264";"dc8rqm7FhONn7JlKHTiQ0HQw9yj72mWOGL860TrxrC5Y6T-TUTX5ymwObVKciSQU";2018-08-07 22:44:35
"265";"dCU1xLfKSOUgRYqbHu4tIZBbHHdiZWNNMQRPlqX2IlBIMEumJXY67PbQdFMYS97_";2018-08-14 20:28:10
"266";"Ddc2_RmaIDSxrbuIvExeKXrwMKNFCLLHbJbqMk2Nan6VraJ6eCkznZrdkVrhmGwB";2018-08-17 20:11:40
"267";"DdqEzn2zaNvbnhxCIujJgwBxrsgOWDfRRh2yhxRmYGiGDLVKt4G3qzTqnxmDIDFH";2018-08-19 19:22:39
"268";"DeiuR-pFqf5SPcUg_XVKyQxcyjW2gB5f2nfZzas0v-r3cvvSnRG4922t-BwVze6b";2018-08-19 18:24:42
"269";"dJau9jy3XqsJKYuxQF34Yj9BdhgH-yfjFC2DhpzMHMMQE7dSSQ_yRHuuu9Esdbab";2018-08-19 23:00:14
"270";"djNYTYabBOiSQMypkL_xOwpEoHso8CZJkDYeytLXecb4sWT4bwcSp40578JN1G_G";2018-08-19 03:01:08
"271";"dkP4fCutvXHLiIBUnHInHyooqAARj3umCRMIYJBYIOA7mhO32wgkagaYdQMR0f6N";2018-08-19 23:58:52
"272";"dnix3mwlPCw1prncj5T5W_6_iVIiWcgMtrNXJfXC9XSlY5iR0jzmA5x445FbVhy2";2018-08-20 22:28:33
"273";"dohC1GXH3GJ_OT-CHYkSkHda7R9jjJ8JZSKWRXfjP5TsrD0IMvw9VImjH9uriyr0";2018-08-20 18:24:51
"274";"dpIrZ_jRfejzRoDr9LTfC6E5MwOUIT8UW63vFJCWFBIMEhJmtB9E60nCEXQ56WD6";2018-08-21 02:38:52
"275";"DpOppqWjiFHYgIqHzgBmuYsvaExeRE0Geok-5mkRixGwMR1TmDsUH_91ruIQDXLt";2018-08-21 17:17:09
"276";"drkCZcaF8B2hfLfei4J4qwHIKr28d7J5Fi1DDVT_hvNLNG2962NQ7Dh8Jc0kkeTg";2018-08-23 01:15:30
"277";"ds9-udvKJUp99HiuUbzgWcao5JCpEpLPCD14iNbH-3CxBPMJ9CcMnjsnrTwBa7YG";2018-07-25 19:21:55
"278";"DsYBh1XkD6nLmmbVRWFu6uGE2jAabr_VZfknlNK8e2vQHeyY98YWPdEx3UHE5x1G";2018-08-07 17:13:10
"279";"DufIB6HY0JBJvIJbHw_oKIaxe9Akayvg2ZzZKQQMLk7N5ag2BeZtUpd9yy4radky";2018-08-16 05:15:35
"280";"e_0yXA-glNyq7GXvwShTtdB6q_r3DaYKlquXpAfPYFrtiKkeH3Yr3StNAvCIbb09";2018-06-09 00:56:36
"281";"e2hwLYshC029sDRQbdLMapYO2sWotDM-iEZKim5-8avimIWYuk1bFarpKXaCCyTB";2018-08-19 18:07:09
"282";"e3nL43uDxQgXl7FfA4N7sk0dVMR2DCa9YqmeRoAvlxF2fbcL-opwXsYh6p3Xhaen";2018-08-19 18:46:50
"283";"e5gKHurSwU1vk16UWGJVh99P-50pRCMOfvVBVmaO8kMfdZAokeDHKfmTa-oInTNW";2018-08-17 23:57:44
"284";"eaexNY28MkvLfs97o-aF4zaVs2uW0clKNzEi5ewKarhlHt3P7eHDVsOEigEE8PpK";2018-08-19 19:12:11
"285";"ebVOUaiRMtSF8e6qC9gUXcjhG7rTdp4VHVmvIHqqdQo87N_dceoax223K9jf6cMz";2018-08-19 21:52:47
"286";"ECCw4ae8xbiB7G25RCRuR3GDN1B-dYACtWKK-gkBaIsPOHnWqCa0xa6IYD5vLXX3";2018-08-14 18:39:59
"287";"EdwL4vVuSZf0fO0x9bgEWVfxwGLLtwFIAnsQQ8Eysj4CrSQy4maaAXMkEOhJyE6_";2018-08-17 23:21:34
"288";"EErd-PzfK4kNcGGnRFrT6rsmkPP_9N4D0MuksKpqDFJk9eBWwOc12ZpV6XGLfZVi";2018-08-07 18:20:03
"289";"eEuq6odu-b8GMBln2fwFSlwVmHlhNVAFx34lJEicWwlyhxB4I-Tfnh00zNlKwzlX";2018-08-07 17:14:18
"290";"eF6lMuhBdqTAUgbICwvtwTKmM2BlhlJlaz6ih_IyXLwGj7b_nmyrMs_MtAnYsQ9o";2018-08-19 21:36:17
"291";"Ei1eD_AlJQCVG67G7OcS_1PRWE2UdujA7aSCJUD8i-cWNFQe83F3YBMYJRO_qLlw";2018-08-19 21:37:21
"292";"EJ1NdpUqV5XZKJTspzUArCb2dF4xYB33R7NsEmK-kNqinbtWxqGnibnIrRgIUFwF";2018-08-18 18:23:28
"293";"eKqh9v6CxTg8OnUBbGzt2JKpQXhCrVhHb8SNvcf_QycFssSBLMu8kxxb_X6QCQky";2018-08-17 22:45:25
"294";"elQJHCxIyJbJ34y2kGxne3FQ1ejCj31zF1e4sVp9rspWMtYkAbe4eoGNGLDOMhZ5";2018-08-19 22:49:33
"295";"eme4N7pQ_U01AuG5C9MfhJPbHmDUqc_-jJpgx2Pnar8iCxQqFaGHUVqwJaZC21Je";2018-08-18 00:42:36
"296";"EmpxL5kC70PHru7y_bN9Sz0r5jRcJ0AI8IaQ6E-4NKUG_-ccOHvHrPZ_dhf7aBLJ";2018-08-17 23:35:00
"297";"EmYrF_YXtoyDXfYyrE3F3w7SWfRRHCsR1ri9sz5LkZINLd2BXca-6x1732Dyhsn_";2018-08-22 08:11:10
"298";"Ep0vTqBA965FE5tiQqNHcMNnDTda7nw2jO8KkDaWjqgSPM1yALNlSAewriDvIN5o";2018-08-22 21:06:30
"299";"ePcVdRFjBSgjKfbTTELCCp_HwhGsRnK4A7lHjWRvXC6s2rM1vHNaWMR8b_IrbW-c";2018-06-07 21:41:33
"300";"EpO5fY3Sfq4XMEpGKPLRMRpF2MHbn3hfgMnulxUqYB5X3UtiwXxvIjeiPFAeThvU";2018-08-19 21:50:56
"301";"eREBCvFYRBBMmX6l5ODCGg21LeWdT6cmmTbIZHDQ4wTF843q3uZDjYXLbPUqeMLj";2018-08-18 00:06:03
"302";"Es46CnW7AJKlpgCSXER6yHK8uLsrCSHyDKmQYPDZb16c7itgVNu8F56X4IPO4sU8";2018-08-19 21:50:01
"303";"ESYTNy3BvOlgHBzgwsyM8czMmmEgmgpZTXFfTzIQEupZ8mgsdc3wPN8nwFX0Vt80";2018-08-17 23:27:22
"304";"ETnnwZVdmO1N3MVkgbxcRz57X3-HMS1-OfE7je7ofn7Act0R-9zejzpCv6bUlpAi";2018-08-19 18:26:24
"305";"EUx3cxJNSPCcUD48ODSQnjTLE9aR800YhujvmG7320HLjOdX5PS-N_8DHREMq5W4";2018-08-18 00:46:03
"306";"EuXV8dkIFYHl3wN3uimQ2S0Wn2BHb8QHUPu6Ol_x83AhJsjzSADPd9WPCF6ML0ND";2018-08-20 23:35:47
"307";"evsdB4KombzxrsEDr1gzM9bKRBxb6eBujQHF8eltNiHKQ6mDtAJrHsIFTHDsymIc";2018-08-19 23:48:22
"308";"EWblt7pAwpYcBnAwdrMBivbGdYSZD69epfw7xp1YjvTI9FSsXtg6YtXHOzXGHLbX";2018-08-23 03:59:54
"309";"F2rNn5dL7XAWGPwcwlUhN-0ZKEF0N52xYAbT97MyYjnF0HrkEGPNvmsQLT6y9acV";2018-08-18 00:22:09
"310";"f6KlMS1nAogylXG07zf9OplGJONMLKskDxTYhzl_j2E-sMLNGlEfIMo9u36qj4sF";2018-08-13 18:25:22
"311";"FAciD5NNRkn7-gn1gkw0avhCmNNyyYHlEpOS764pIpJ58mxUiWZVnY8x-TGl62h8";2018-08-20 03:00:16
"312";"fAzlpK-gosPBj1-4U8eGziY05up4ZzMVX2Mzu_vIQVO9m9-lzWC9bGwlVEvzJ4PP";2018-08-21 04:04:39
"313";"fC1jsnCYnVnTSjmP0EIbVUXWCmJrta1yRLaDX_CSIPBp__4fSFjqumkjRg4rk8Wk";2018-08-19 18:21:47
"314";"FFyZXLnAedOMZunjjLhCOaSRyJj8WRLV3dFv6GOHHMDI3XM_dtTfHwFCU-yTkBxy";2018-08-19 18:34:30
"315";"fHhq8d1NJI601fy95griqZFT-qUWvJLfVX-ZSi55TVMYJuGqUDMVFK8vm9bXgRMf";2018-08-19 22:38:37
"316";"FHWQq8N0XeaMDQUJrM4mW5M3uiu32JrmoEBwvI9xfD-uMNSt_c_6vytfAICA3Iot";2018-08-19 18:44:13
"317";"FI1ET4NnNEeN1eBJDsIWoAKqFTD7A8XJRr5fTD4UchYwCtkN3MxaBb2DEqMUKiD6";2018-08-19 19:01:15
"318";"FJy6fGuBkwnia38TXiWp2CdITIVgZwtYb39k_ranYn4QnhgoGHWWq2m4tYUn2BNy";2018-08-19 17:59:13
"319";"fKSsz8SHcKhej-nw4HWO81eDprHephUuF6YYqWMbc3YA3s094t4om9L4eD7bBLZO";2018-08-19 21:35:36
"320";"fLbKkN5G4J0qO2aVuw_C0mBGfR8GRpLchxmMfzd3-Cg8nEibxLUzH8PCH7j9dC6M";2018-08-19 18:38:58
"321";"Fpmgc4wMWtXtL7zLhoYer6zP5X-hHvkLQE8QfkiTlvQ9SFndgT0suVS5CdYyMB0Y";NA
"322";"FQgUihtvt5s-zPKH8VdKl4ILqDRp-zTtvMe20tqNeVUtBvMDvblEv_w8krxSQS0o";2018-08-21 02:10:52
"323";"fRZq-3kLgFk2CEEFxOULmRDzBhKRQWyBPw6t8RYWPFDlb33Lw0ppzqYThRG8zppF";2018-08-15 10:41:02
"324";"fs2d2DxfsDzqa_HgxdlnzjeXCnLqi5hlmCEweOCwcwwfM8mqkbPuXlXmZideyIQ4";2018-08-19 18:08:10
"325";"fsePyitjubbgFB6hA4MzxpTNQsItaPLXwyS2GMdYF2XnxtQDsi2LxxX7XZnH8gSu";2018-08-19 18:58:30
"326";"FX6iitfR6T7YnvfKTqiReBFpa031DQuxmAcB33siN3EnbjBQ_Lc296HVYAX4mEor";2018-08-15 20:46:13
"327";"fxBVeeGoukTyDWG_VxnJ6tLZ-W3o2vsG5og5LIUEVss5ludQaSvIB6PEbtwWwr93";2018-08-19 19:02:00
"328";"fYz7J-dtLmOeI0TX6vY96anQuZSbalabGO9beGJgEa1yJvwxQfcry6H_qPLYNlEf";2018-08-23 17:16:42
"329";"FZD1jxca7FAWaHyMfCgh_nJgpCpTNTtBdqWdPHDvtS4IxxJQ1fSI03bi1anMvcqG";2018-08-20 21:56:56
"330";"Fzscy2Zmp3D1LAluA-u5XH7iHM9XOaw8FiQrd1-rgHK0KAyRBp8RtHgQMGB1Wn6y";2018-08-20 18:24:11
"331";"fZw9y7K1TYB-2-zt_ztV6Qe4g-IYA9gg0D-LttxjHFB9IPAngbvtL2vXCvcpJPvg";2018-08-16 19:28:26
"332";"fzWk1VEb9N43osBjkR4hVWL1L6-0y0MIRHPOT0V9bh2PXF9UjojrHfS65x8mhTiY";2018-08-21 16:31:57
"333";"g59RD7L79fgXFSRpaMPeWmIG81Fp9sErUmR6nMofwsmHxNpgld-zFTK_PMbVllxj";2018-08-15 18:48:20
"334";"gA3Th4cpPwwoTsUG_WLuifpWxClcA0Py1S89rOPtsKt2WFlQUVUVvbens67Eay0Z";2018-08-07 17:15:15
"335";"GCl8NdEN_kRPYIisvzXlqNjIHmEDZbhD69uuKv6Mtz7fqN7sNlfUtcrXjoCPoVwg";2018-08-17 22:40:24
"336";"gftJrYxWT-enM2YCE6F_LYvV7lLHUgpDH6ZPAtixvaEJ-71zdDRypO13G7MLYTmc";2018-08-17 19:00:37
"337";"gG_tuaokc-Jk5d0Su0w-Qm2tGhiQCcF_N1KH4EN9JhmogHtotcWLkzXwjSFA66ER";2018-08-21 01:31:04
"338";"GH5ceHplK4MKGQt8JOCtxG7JXwm4q-PMURVtTC1GN9AgMjIzpIbew-sx_911_xat";2018-08-08 18:19:43
"339";"gk_A0PQZAUZq4SOKpqjT4SsGYIevWVebKx49ybGkLP3eLBSTLz9pJe9l-waJOMy7";2018-08-19 21:41:34
"340";"GK-iKrsQIbhSqR9b7Rv8MISHXEg5C-nUPXjDBiWjyBzxTs4Dd0q-2f7LG2Z96NfK";2018-08-20 00:31:46
"341";"GkHzHWh0-9sT03WzOM5MTGHt1EUOOvM_4MOj4-l_ZpKu8K0ksAZoRIWWlIht2pOI";2018-08-07 17:20:26
"342";"gLnbIFROOAEzxU4e_XLaa-aTMW5WBC6f_Q0us-V3j_s0nYNZVH2rTFvqkS2ouNNd";2018-08-19 18:55:59
"343";"gmTtisWIFqFKiwQhqEgaMTjsWfEwE5xFI7viLPHXy25iTUlYziS9N42KgeBUv56e";2018-08-17 22:16:08
"344";"GnVS0j-KCmYrpBmtwon0rONIbQN9MMW6tWXEVzN9dLU2KWrcWgTo1IW-O_THVT1t";2018-08-15 21:10:37
"345";"GQ28V62zDDTYOa7yjSwWrBuJNVynMG7japOQkiJhbbKbT-WIPtUqrYgU9ytLzI8h";2018-08-19 19:58:36
"346";"gRKkp2LO7Ia3dZ_g0IglwwKAopWFEUD0wZa1SQh7zwHK4HHwDfQDXaWOeH0Bi5y-";NA
"347";"GSks3V5sxr6qWXL_OeKJzWsSqFnwOUspT5w1uZdDcWP_bW4qBl13Q2cHeTG5KY0u";2018-07-25 19:12:55
"348";"gvXOqnxUFAkJyTRhDWJDqx7QMSofmJHZQI62egv5hryBWv8F8onkOoffVedhblwb";2018-07-26 03:08:04
"349";"gW3v-kPGzKzKMNZFg8o79-e2WBGM4FD989wFSyjybHhIiERPXO60XzbeLe9dwe22";2018-08-17 17:31:28
"350";"gxpTKpafHONsR3oUIOkMs4OZCGyZdlTHeraMdZVuUEE8OoHt4eQ0TP1Jwt4U_Xue";2018-08-13 18:15:25
"351";"gyQCkjghEW6JA8gqktCZ3IBpx77xF71IkFmdygcbva2maLuJYELzejGkjIYV-W3R";2018-08-20 18:45:22
"352";"H3EsTxOB8Opf0GF61-DwiArHdAD3kKHOe820ICOfTuzVEWLWjM2g3LJS0SQkg6r4";2018-08-15 18:47:46
"353";"h7GzcTWK7hv53uSBflZ4liE_XazUsZrPG77Soqwe6-3Occ5CnOldSah4oBhX35vd";2018-08-08 16:46:46
"354";"Ha-RXOTkz8SgCk_Uc7_lD29m54NKiLYewz7-HtcdCTnyuXx_qmZecuqAKVVWjAkR";2018-08-07 17:18:23
"355";"hBuPx_q1cyCTZtTe7htrWKknnIxIHhDVqQp3-2p5Y2vfln9DpTVsJl4CIT4ibgzn";2018-08-13 18:12:51
"356";"HdXEkwNVNcWIzmMkrix0ZSotdknksmCIOfNcVvqv-OiGx9AqmmAMXqw2MmRnahMz";2018-08-20 18:24:11
"357";"He5LIlYnI1EztNy3ddyx0r02gSgYcJSYMmljuowt9IFYIaR8JKoE6q1BG-s1HFp3";2018-08-19 17:59:50
"358";"Hel09ZJ0P56ZUczQAX4CPUZM0ANfvre5jG0s2t1g1agCrCgI99KFFwOi5eaDAQmt";2018-08-17 21:58:31
"359";"HFLzcIDyTeb79JwxPIejieF3MWBkzDwuOXsaybOFRd7THV8K5LLcJ46qcTidxXpk";2018-08-20 00:12:26
"360";"HgETnVxaApYkOfjJ4F4S0b1stA0Gkfrv8SI4SvsV_i1X_5pvco-ZXj8dOGQYpHre";2018-08-16 19:21:20
"361";"HhiB9KN0in6jmT074rgrbJUgQBaWPbSDliVrDLC1I6wDDz9vfQN7d8dMnhzp4w1o";2018-08-16 01:08:54
"362";"HIaLMdqL4bdeh7meMqAVDTAHukWsc_sx2gDlgpGhuRPHld7rgfgRRhc1p8NNfe8d";2018-08-19 18:52:05
"363";"hIS0_5DrbrYn53Qyibgt9KdqvyjupfQwKttKo43gYv_U911x5l1U7ROuEhRfHyvS";2018-08-21 14:43:41
"364";"hKZMBQR-k7V23L6D1LoXCUrT--JNEoG1Mcs4mKcQ42GWzpQWvqRv7LgPvTauX-iD";2018-08-20 20:24:56
"365";"Hl5RFmM7GxHldNvbHHq2hmXYPCn7WA_qK_kPVfrWws2AjisvnsZxgj4hshR3S-Ku";2018-08-19 11:48:32
"366";"hljhXgdJ4JfgyIfvy350iQjAPI5iKtetCZpYsXzZogQEGgFePfk2MMbV442qrfBZ";2018-08-07 19:36:18
"367";"hpleOKN-rdHVGLMbwC5rrp5UTkY1mJv7q-t1BVRlD0gQfKXJVC1XDuTCOBAzAhar";2018-08-19 17:05:06
"368";"HqHc8j4QXvtGp5iPaBCnrx67yT3rJc22_v5zV7B6_dp9oHkuaUwE-Se43v1j8fVL";2018-08-07 17:11:49
"369";"Hqm5fGQqRG_YbW6V4usSM--SbRScsec-X90A08L7hjOS4h-3kq8gPQjTNEy8Fs1Y";2018-08-20 19:16:39
"370";"hrokcWmvH6AMMKkIC3UYk8tQO9zzdrxU6eEKBQTH3BXUhQkMr-bnB6xOqBNBxN1Y";2018-08-20 19:11:45
"371";"HVkqXzoGdGkSIIYWtZ7sICfJbIUlU2DHFEZMKtixhXWLQQFCY2QFfw1D2eEfUVkg";2018-08-15 20:26:30
"372";"HWcSP963FlLkTCmEnnQYx5ELr8-OnrkJ6o0Kbw_4g1lRUTCrLfn-cpu9-4YZpwF0";NA
"373";"HXbndXlbODt7aO7saCENw-tcICALEAG6IYtBdQi5sbOUIpYSY9y1E42hIX6CbT47";2018-08-14 03:41:36
"374";"HzHtzz17x5jvJsDd_pPxMReliER9zB_js9ySToYblXO_sgBhfa7IYBaisMwniN5n";2018-08-19 22:11:27
"375";"HZJUydP4ltjYktz_gQ0A3-8gWmAT3t27_CJTkdbLFV-cZVBZIM3e5rcj3Wq9jeCO";2018-08-20 21:50:21
"376";"i_7F05mbP3dMlHxSa-1heuR0ZaohlO1Al8H3N3Ajswx2vA0KR0aT4q3rOTXfgFkA";2018-08-17 22:11:56
"377";"ibsYuUsUvvCsn2J-awtOBqQwh91GQBfVlPYJRo2NHIDXN-Zi1Zzr1ijww4CbYP-u";NA
"378";"IC477dMEJ56vW0QM_wsdLlPjRAidO_0fpA8U1QwMxI3CYZO0oyhkTbUKaMmB68O_";2018-08-20 18:23:22
"379";"Id7RcFmVg_N5EYfoNzFDH4TcfXAJf-qXHp-Gd1HRnroWvAgtH8P_xa0l6QHY8O7a";2018-07-30 16:47:38
"380";"iI-dNcdOE6fT15InZi92vwH4Nx9mDieLOpxH1483aEr_BS3mPwwP8mYg00-Z3bon";2018-08-07 17:30:51
"381";"IIpbBGtYOD3x53pPA2N1N-fD8Qn61hdb5kHNxn6oJpiI912JoBT7y0UzFcEpcxbg";2018-08-19 06:25:29
"382";"IjHkyOFnmowSwpI2gNSGA9Ic6ZA4iYAJZQGSR1te6DtGb0NmFQPDk8-CtweDv3i-";2018-08-19 18:09:40
"383";"IKIPGZuYavY5DNWZD7B324ofeQ3KxPKLNY4PlP-eqHaM3G0wgE-dI_UXvR5wzmfz";2018-08-19 23:33:41
"384";"IlHltKu--aGlHA17BMkyQkjt1DTKGhdnGVAjJREcgeOz1u4twHDvCykeFCufx3yF";2018-08-19 23:16:26
"385";"Im9prmUy8z2sFEhsjuVgyT3qK3DGCr6EWcV71IgekdNdhxC4BRJ2ppHecOdrgR1b";2018-08-21 14:50:01
"386";"iMqOpavSIt2cNGGxGuT0guFQGSJjCIi1WYSO-_YcnxQLIWqIYjRT8qr8ovGPK3NP";2018-08-24 18:32:50
"387";"ImSPHmUhoWtz2N2Jkx-06ia1MekKL6_nme7SPNO9xKIsZ9v7-Fwtd8mu-NBUUn9C";2018-08-08 13:47:28
"388";"imuZaGiWjpZpwkK77ouOxsZ9htp6IAYynwQKhln_J5HvElSUvNsDrbzeOrt8CMeV";2018-08-20 04:33:21
"389";"INKyl36uqBbh9Uf5QuttZxWQENDBxOEldAtYTLn0EXSCHmE7nSKcGisaJZA8T02y";2018-08-17 21:54:02
"390";"IpIAuV9Su44sxlwpfYAmdhLenbEprTYSxZDkFuumYjQ34mgcXr6V5DonR3VuVBkK";2018-08-20 05:44:48
"391";"iqidFxkZ2WU1kQY2yxpLwJCIAsjmtfiBz9iFQ-oo5QdMPZt7kNFWOEYEBUjyxWDh";2018-08-16 16:09:07
"392";"iRPriZZYMDXGzFW43kBE4XmSPJWPj0DxOP7YIIvu6ReRpDLcEW7o6P5_5FtExj3t";NA
"393";"IUh9h1SUcsmSjWSwsXmQTJYskXSMGGXLeU8Kc3FVQE8Q_cvbxhVXYZZoF1bjFh6O";2018-08-25 13:09:45
"394";"iVb1GSZcWBcjPuMh0s_kH6DNwHhqlVYm_e2sDoz4E7rq1m42mDTv0qcUHnq4xYX2";2018-08-22 23:23:25
"395";"iVFtjJL4N54tNfzwiGKE3kPpPlCaDQ3XS198QdQVWGFkwRLsjEoOtE20FmvP5dpW";2018-08-07 19:04:47
"396";"iVo4MFVqpf1QBIX0W9B4H5PtD7jxKRgrIlsA_VkChlF6wNF4PnGrUCDhUBNkx7_9";2018-08-07 17:12:12
"397";"iwtabe0FGzvJiJTI5R3VTJP9u4AcNA9qYt68bvQ1UDiQFqHqTTsQ_0_hGjg3dGtu";2018-08-20 14:41:58
"398";"IX88ZGrHXUFRFfpMv_uLMMD7rdN6_J22ZGffbHFKlO9A5norxwjiZJln5ea-aM-h";2018-08-07 20:14:45
"399";"IZDyqdjk2E4MvuHzcPU5OoI7PkWh34pEhIlKfbTUaYjc_yzN4eTVVpG8M2UNYYQP";2018-08-19 18:08:15
"400";"J4Am6IPV0Y0JyIp3SLs_yEgE8jSzFbrt0P4sFar-eOroMugVMNAbFJws1lA-Vqrv";2018-08-18 01:09:23
"401";"J5ri-LU7jUEQudTwuGEpdYB08F6A7wb_YTg543ByPO_b00Vb8_d0cxgs2WXDdRti";2018-08-16 19:21:39
"402";"J8z5f-A3RXCwArMYEhp5TUtgxl87_qQJ0p10E8Z2MY2K30HdD6XEfAqsA2nxIFAR";2018-06-07 22:03:44
"403";"jaQ5CEHajBPbsV0VJ75L-5p2NYQDGYhdyZKkWfi1efI0XpEZwa6y_HceZ4fRLkj-";2018-08-20 01:21:45
"404";"Jatema4vyisADcE1smXgoq5aoFAJ2NCyQ4uTmCy_AoisyRn2AznQzsLTkn6MViPN";2018-08-20 00:59:38
"405";"JBL0-Ryftyrj5bXm0vytYD2i_ZBgmewROXjirTKnKrJj3VXeiLBGdxG4wlt-33yY";2018-08-19 19:42:36
"406";"JBl1Jp_WKyNL6cjZNsIdEVMN-H2DVjGgWRoj-ABtrD2JWNJ9uXauLEStmC9ADwyY";2018-08-19 22:43:39
"407";"jcHf--iQ6anwW0pICtxeuigY_m0eudk0YniEq7hpcul82-Ixne9mxhvy3Tv9soxB";2018-08-07 17:18:15
"408";"JF5CdFSm9LnSTPyqHcUqxfblmpJW3pkw3QfrdjjrLooGRAbFkfXgBpMtPpUdo529";2018-08-19 21:28:08
"409";"JgF5OrSpLdJSH-E56giyOCmj3hy1DPmqzrb154luwUp5QNtKpax-owPHfrSYlTEq";2018-08-19 18:05:44
"410";"jgnUeKbgKK9WkbMo1hmXLIuOQ27zB3tHi3MdA1vDy4Mc99DYvXD7_plE7dbuGAgJ";2018-08-19 22:03:21
"411";"jIwYvhj0ZPBwO2wj-lMlNjoRlSb4w9GzP0tZIVG69FgLRiWfqiK6-Pw42Rmb3inf";2018-08-19 20:37:17
"412";"jleDlvRy4HNIGHBLiMheUzpP04i2Hj_DqHjFFLPr2U3Orp9PWD1AfPoGGs19gZs5";2018-08-19 23:12:36
"413";"JLRyh62wQdmLrORqsyb1ElVCYGZTNK6Ll6siYEUIgo0IuabzKFavYdg9VVi971jy";NA
"414";"JmacumTFrxfz-KVkcww2E5D1yvZ_T3fq2Ul05bgUzFWEsAHzbribPulTNSOagJrL";2018-08-20 19:05:15
"415";"jmUtg06wmSuoDrhEvw3DjDeqhqa5nPHVC8lCW9BJCwNnO503XuycYmSVXKc3XSLn";2018-08-17 21:58:46
"416";"JoBCMHEaNqhAzI4OGB2Y2T65rnMAScKN-kLLz-gKuMnVdmERZm3p--WPzbkz8hRX";2018-08-15 20:18:06
"417";"jP1we1mHJwauZhz3PGyLQ9hEy3qeEOHQbHRLVe1XDmhZ_PAOr-rylYB4KjE5xGHF";2018-08-16 10:15:42
"418";"jPhnezlk_9HdgyVN1kuib03P-mfRbtOdErs1glOWKQ5KONhlcGA-iJmt2It3y6Kr";2018-08-20 00:04:28
"419";"jPiBRGkWnN93wSB0v0AfosRxN5W3r6O-hJzhho4grYUpni4bMuwQ7keC7UtI52eb";2018-08-17 18:52:16
"420";"JrCTmWVPN7vl8S1gIhqEtsy9bJj2dg43YRgIVNLfBEgNx3m0VAZYipkE5bJ676cA";2018-08-08 03:00:30
"421";"jRjvRG4P1Rc69tBeVtzuS4B8EraZ2grb_bTrlKIoDZtNHyfcXplkrfm5q2Hb8vwE";2018-08-23 02:48:21
"422";"jSAS_NvbNlXiMhdbzPeA0ADby18NkHQ9UBkzml4iLeQNHZ2momIDOF9ksyVmMoZH";2018-08-17 21:58:46
"423";"jsK4zk2B7ZT7jWfPLRKMr46in06PXq6xmk8NsxTBYKrf3LXdwpmkwUbXfzRlRRkn";NA
"424";"jVOYLgqUCIeCYQXhJctQBntzuJSbq3E5CjbRNj2o3-fEqNwHy7dNeIlVGt4twQaY";2018-08-18 00:38:54
"425";"JX3WL0tcy2-NnTgPff9lFaRkW0F2AASzJWiM2apgxKFddf8rhEhtS-G5f6O92ULd";2018-08-19 19:18:33
"426";"JZPhy8pxBCyrYjgXLXxdHXCiy7DHdMKDi2QNgV4zCvOaXsahZIkWyOaXkBBPG9wO";2018-08-15 16:17:54
"427";"JZvmvV9qE18P3D344LDSyr5OgxBYLS7h8f6VHgUUl27Ly3YlLt7622l4uZAUiGrw";2018-08-20 22:51:55
"428";"K-LSN4mXqKPGZziZXyBFLjJMT4ITE0W3MmvzXeqXn_ZaxvohI5NVfWOn1GxXCBjp";NA
"429";"k2-shUwOYyc0YuSxSnz6cNJcZwzp-BlXI5-L-rtkHIjPxPCv11WdkCEeQHjYukQ0";2018-08-19 19:51:37
"430";"K3xEuH_iJob2ykTRULDmNnN9trQPIxywmG5Yud2_XgiQQah1eaIAmz7oxl0_8v4S";2018-08-17 22:04:50
"431";"K5esXj9-jtobIgLHxqI9uFVOmeLdZob2oLivVQsH2-ZFIRvr_adhULUMy4QdHa4V";2018-08-14 20:29:42
"432";"kEB4IDH91cxiCki66Odxmrxk2PDyxMhtM0T4TN_zjYKCqSZI243RRo8kqYf-8pJ7";2018-08-24 00:34:01
"433";"KerhOESyqhZ_qmIH_r8MX0SsH7GLyP8JB47sDb4VGEkg3VJ3o_hmr64XbwqrSP4z";2018-08-17 21:12:29
"434";"KeXcTZMKlarAB3qo5pnwdS0czA8C3CxM5sjBPlvbohXwa8hTtIIWfGBd1Gq3l-aG";2018-08-17 05:23:57
"435";"kGQdtdAxt0M9Yi8swkGC-YdPcCC3Mg5Rq0oFr2PFtVcIE24ozlrUe47nls8P3c9C";2018-08-20 18:24:31
"436";"khGnJxJp8yewVi-w0HehgL8KdeOfzrtL9z5HH408K_2T8-ol8W-pbi7NxcdBrrnC";2018-08-20 18:45:59
"437";"kiMpjRCvHpTvhT7tDlqRNwcT6NIXElFknkRIdrY-KYkrfltNe9caVMIkpt9E_lGc";2018-08-09 17:52:53
"438";"KmBUlzwUD9dk3RB-SFJI9JMFz764mGKgD00WAFgWuT6qCuIiRcg_itvEB6x2gsrp";2018-08-17 18:53:23
"439";"kMEXia6OC9iA456yu3wSsVkZMkMtrmVauGuXe_vzOl6FAOvpk1uyBGVcYBlKoMH8";2018-08-13 20:50:17
"440";"Kp4grtMZLC8kWKHwoaKzLAYCBfeLmbrt5AlMjo9SnTNDnPRClAkfdnS9GEO5w4kF";2018-08-13 18:15:49
"441";"kpanm4YcRg7MVEWG4ovAqGTWEPhC4zSi95VjWNyCU8RKv6jRY7ipxKeSWfIWschZ";NA
"442";"KtA-pF-6YQIKFT-Tlq2KFhOLSFUCy5ttRS47RHbKQBQYzIAf66U-3TaJAuOEoLdg";2018-08-19 19:09:51
"443";"KTuusgBRTF7EdcagRuXdHXcSv925Pm5shHZ4kZ6WIxIv4-82910APPHQRc-w_aPG";2018-08-19 19:35:53
"444";"Ku8IThfsa7zDeHvLkb_idLs6oFlJxJKbvw1ZUGktZagVlQ1Cb0dV2pA2nhLpaFRN";2018-08-07 17:40:45
"445";"kVoExQuYv96TytKtn8jQ4NZJSOxc9qiVngEDVdyFPNkPPTbRY_URkYjSPVhYHfa1";2018-08-16 13:15:25
"446";"kWvknCx73AaVVaXAaKeIp236agSKfhNM_kKFJo63ensm5WCyv0hw9_WBtB2ZHrPi";2018-08-19 21:34:17
"447";"kykrUSR3Y6SWncJTJC59Q60GjA2ROz3awVGNsgPEfq9IxiZglND8AvV3dLq5acq7";2018-08-19 18:15:38
"448";"KZ1r5rFxjC1mcEMJ55XgsqGupcBNXod-dNyVhqentIpJSyVIuTXhnhaLoM23vVrr";2018-08-16 19:39:49
"449";"L-I_hyhumo8qlDYJ6oaXlDYxbvM3ybZ7__d2v_h2p3lJO6A8pDN5F6FlnSnZSZJF";2018-08-20 18:29:42
"450";"l0vcUdfAGHcD249jgOvmo9bdQwwuWh3kCkr9Ck3c-FAfzpog9SjRhSRboVbwZOzu";2018-08-08 20:57:34
"451";"L2GncUKsL6A4cjCGv04uKuUsVJkY8SgiwQbF0L26D5KJ_712vw8PM5YTXZKi0YV_";2018-08-18 00:24:37
"452";"l5IIqlCL_IvZKDpvIAKhKfHS_kbRt3-GOoqIe4E6H0S6yHGeCcJUTdZxwhsmD3X6";2018-08-15 20:50:45
"453";"L889MbAZLwg_ET5AH-Yb0C9q3rshZ3f50BOk4P8Aqw3XjakSVh5mLq53aFakHDwV";2018-08-07 17:15:33
"454";"L8AUg_I1P3e5tMbllpQ8gnpKcRh7GTpSTH3y6F1faETCSUDboKcno2ItY0Z6JrNN";2018-08-19 21:28:20
"455";"L8H_s0WODDMQ5VTwsHGgIbzA0rRph_yRMZhqx_RvvpNOcbX4tQuQp2k-8Kzn2JH7";2018-08-19 18:47:25
"456";"lbMM8sl8DsgqWvuoaTZpsP6xW3wb6RpubF4fPEAl2ZRyTwzye8-okaXEYv9iwWCh";2018-08-15 23:38:08
"457";"LcSQ0iENd9mgBCcQ85whewHnsShz0UhtXYaEujUFDd1yBW8Vm2u6XWWdwgq57udy";2018-08-20 18:37:54
"458";"LfFbd2bQy-XqSWBglHIb-fZhb_87x-je3JAkEq8U53iLHsXIy_ruo9d7CT1w3-iF";2018-08-20 18:35:10
"459";"LgAuFWYGhXWN5zgN7u4tmK0o1R0yx9INiWigFLXyXnJmLwvftyeGB6Mrn39xTLT8";2018-08-19 22:09:00
"460";"LI9MEhQ1xUqEh9w8hekIwAA89yFg4u0-T79dSgQrzRyp40B_gci0bOGXPzYRPf-N";2018-08-20 21:02:54
"461";"LjY8ysLOrZlShVjiee4V4Itxil00Skyw2McsSGSfH2jqV07N5dsB_7fsMswETcZJ";NA
"462";"llruMkbCc7ILl4ckSY3ZOPpUzqKH3lSqXgGACvKWG5V2-y_BKMKR7EeWXXOX1tgO";2018-08-16 19:26:34
"463";"lmCdrENQdBjmO3D4lr3uGhJHz_rGq4xJKPwY1PQ_DMIp5DLD5s4opvxUW3XTFf2e";2018-08-18 19:33:41
"464";"LmgjF0ESoXmz300-L8sxuE-6tgNPQeQ9dpBBzcOjxmqjx351X5-oHb5ALQ_C6laM";2018-08-19 18:14:11
"465";"lpH_XWXmaYwW8luvrDxyur189YyK4DGA54-0XG8VgRoXxz9b572HpWdXRBn55wLi";2018-08-23 03:20:34
"466";"lpWg0pxYCdfiqhU7Ee2VCVMY6bvqxPiPrr9BjIzfO7TgrleLXGecqgzz2pCQFGdI";2018-08-10 06:00:06
"467";"LQmR4yKOx3w7mwzSnz5gdD6isrE4QW4_b26dsY8Kkn_4egXLWh9Y50jo4yYXvz6K";2018-08-19 21:32:00
"468";"LrL_zZB6U0ajxzNyouU0gEJta1aMK_QuZaHXAIu37MOV9LggXe34SSGDHiMubb3D";2018-08-15 20:17:34
"469";"lSEQmfY3OjEng-uSIGiuHurJlbzsanwEViaYxtlAChzWwYO8lPb2-3Wio1pePl4b";2018-08-20 03:03:39
"470";"ltxq8cxMJvQiMp6p5eXarzzZLUL0NtG1kVU-4F1YLwl6FpbkTy-3lcLTm2xIeldL";2018-08-22 00:26:11
"471";"lUAQpD4kOZpdwjLv5j1AsPCtET67iOQwDwqHU0Ideq-mo42hUYssE7KeKOEuOGXb";2018-08-21 20:33:22
"472";"lUdaCSuvsy0jy_gZwUzkyxXTTg9FBn8h0lmkP47JZmfmHn7YcYJ_Jh2XEQdk_Y1k";2018-08-20 18:34:52
"473";"lV0ecpMRY7kV-72x-azFYAC4ldNLmF1GoSDoRBgHb4tHYQlpu25UkG1pOgytUGai";2018-08-14 21:09:44
"474";"LYdfdcHolyvyf5vpQY2xIyJLKEcB4ynciDr0vOT1IlNlkTq-Ssq0Tnsdma65-eFl";2018-08-14 20:21:40
"475";"lzDBrUT0p47lYeIgt3Ymhw4mAMpeuAywqPtSuxEDijTxGcSn9_bsXHyn7xj-vCxS";2018-08-08 03:51:23
"476";"m4apTMDbq30sPM35qS1wh9QQM7utDPP0y1kwx7abPzPvoBwbA09yWwswNAuI6n4S";2018-08-19 21:36:11
"477";"M73l9bkqeJrLbAzSHSc6tmYN5dTJ3D4LVycby0jjCGuNpSVySZa4RswefM3aXX9z";2018-08-18 01:11:16
"478";"M7iC-kPebqEUu1q3Xbt00DxaCZMQ1ZDa45Knk6p73OdVrz4O3KRbKhoLOr_oyN1t";2018-08-19 20:35:39
"479";"MAh2lDpd8CfBtbmjIrsVTpBOlXoNw0BwwOrqYP9g8qEdN_HdTr3uYUB-u3cj4B8I";2018-08-19 18:19:17
"480";"mbrkI1FB2jxd_ZBMKkUih5ZGzmUbDjukSo1rFEg4bhR_3WdKpxDydIEvXAPQ8ZSn";2018-08-18 18:30:39
"481";"MEEBxEcRbyARZUwvgR1dwWw3QwS2NeBWSUtAb8n2cxCXHtgthgdd5tPsX8-1_c7F";2018-08-07 19:28:12
"482";"MgYaio3tLOCaUBn0ZLfhi55JbaBNglpBYEJaUhnv_toclmIqRghgXn80t01l6Q2w";2018-08-13 18:12:54
"483";"MHMQg4SbD8rvsxT4XkjnaOleceEigSMT1ItlWhbsgQr4oR11qJce6DmrXUAkSe4W";2018-08-19 21:29:24
"484";"mhvsqXhyoHeLeFiA3tv5re06zX7yS4u2lG4AnVrmqGfGhz2bHfeD_QUMTwmQwIO7";2018-08-10 19:06:03
"485";"MIujx3deYFg6rIbvipBkGuF9vYXAYT3Z7uJL8U7PTLFjb-Ce3pT-2pnID8rgpnl6";2018-08-14 23:26:59
"486";"MjCAADHToTPQ85QhutY_DgSUMBhA-U_4Z8ihBM4wX4qRbuTxlEOiOXGf8c3cuQga";2018-08-16 19:23:54
"487";"MOoKZ99m9LuaG-odjsMWGF1tJg-nO7yWd_1bqwwoMMCkpkfGFE8UkZGPIJ5S8fyO";2018-08-09 17:14:06
"488";"MotABE29rBtC2XK1C0ofRVT0yhhUuQTGMsXPe10sLXDCG0A3Ptj_bVQh3-i3GIvW";2018-08-19 21:58:51
"489";"mPX1lmF7BbD6XvEC7OG1mlep1DXrYjM4tJGFlLN-urmaBr1Zv_HGEMy9cN0SJlma";2018-08-20 19:07:35
"490";"MQ6s_juJYSvgVmMMeku7P1lHswljnCXm31TRTdKNGJDxK2vETgYhYBcKVRYSNdGE";2018-08-16 00:43:56
"491";"MscszQPRGUL64J73hZUj-kFdszoM2_GmNNcMnHto6qF_PUXcDZLLto-GqhDXFfQC";2018-08-20 00:45:34
"492";"mUBLT0lzTHUIH4YIcW6A7Xvp0tcbhu3AlyDgv3VfmyN5OhTIG8rpNgHZbFzZeB0G";2018-08-16 19:27:43
"493";"musc6fsh_OI5GjBTfJS-rLeJcPMXnxvAfqEarXp2JSOw_y3-jCXhsomwitAHPbmn";2018-08-20 18:20:46
"494";"MUuKuGq-dJOL2f55vAhXbV9FyFfGPfq0OWvW5mJLg9YFVm0s2x2H2LHnpvZosMSQ";2018-08-16 19:33:05
"495";"MvIQuI7Qpx9Lj8YWZRY469nxuz2eADHKjJTdsTIIC3x1qTGbL4PE8vs17OQiklCe";2018-08-19 18:37:22
"496";"Mxd4o3IKadGv33-JzyMoV0xRzxAmGUcX7lnwRaqHk2Se6S4wtnp6gN80GG4PifxJ";2018-08-07 17:14:49
"497";"mXvfdLTu7bcAMddyVrCbpcIxA6LxNBSR0cVEAVASVNEVTgQ4dx9XKryp11E6opjP";2018-08-21 00:18:52
"498";"MyT3oQjqmvUZtEF5Sdb8jWjFBIA-ExF0PoRDFVvLmItH_fyEqd_uil2s15DDUoUN";2018-08-18 00:47:14
"499";"mz8BQrC3YFM5GdbaJ59TjeAgNT_FignDh3FvFyGvY1m3R5aDNTlHh8IhmURTyJNT";2018-08-20 04:51:25
"500";"MzAuRQj-0X2lEm3umxTCWFsjt_L4IiLlYA-7LbvVIEXHU7d1_KtfzJFJopOWEwQo";2018-08-19 18:23:42
"501";"N2cSA6WF0A7s-iDqrJc-wdTbx_CX8HUDIT66OTQK_D7e9erk8etCSlrWEB1iaUt-";2018-08-19 19:16:58
"502";"n3QwJOb6TWcieZuvRf_XTGZyWyuqY9P_-RlP6AeWxVmMnOeBVBrCrTOPb6P7Bw_x";2018-08-07 17:19:11
"503";"N5KpMjQZX3l7j65Ck0dOggP78Y7kKdUiifZhT8PLLQljJidiYQniY-_LZ35pT6NI";2018-08-17 22:40:57
"504";"N7c4uovyfVpU4im-LOl8CxRRtHFXsALTXLTnI8yzR6ZdUA9e3b18ZOgNNhCbLDAY";2018-08-17 23:55:03
"505";"n8M-24iLtUdW3XQyCkcmN6YiLT5bWM_c6_tjaLoKEk5teS6JphTKx-cKaih5LkHN";2018-08-17 15:04:44
"506";"n9_R7aMEXruucRz2c9t0T88aBRnMJ1WEeBWEUclUHl6P0Fzy2h2V2ZIukxnqVxei";2018-08-11 22:35:12
"507";"NAC_a-pXCRSPiRU3YZ_-mc8_uh8ZoTzvUgJx1lzZnuxRNePr2g7zDTAlBCV4KqC5";2018-08-21 23:51:08
"508";"NBTPtT1U-05L6rg205Oc1If_ptGcBQVxrkx0LpQh3M1oHGP-dawUC0XCpPlIj0TH";2018-08-22 03:51:09
"509";"NHLqn0ZkXFfBvVYukVSWxQjd1nOFRSHQsIIcCimdFLR3H6MGpyQGJxMt2QAFMj1I";2018-08-19 18:25:45
"510";"NHVp9Zw0yyuxkluhidAunLQ_3hfTdK-R-kKgZYtO1hyAdUwp_xjOFHfYokrcwMAc";2018-08-17 22:39:56
"511";"nMiVnknS66o_S8kRgmq3OL2MF8FlLFH0-1oTkdkux_lzVcmeNFvRA_knoIWVBukD";2018-08-18 00:53:07
"512";"nopuPIhOycpbHKZ7jcqV6ya9Axyro6lAiSVwNmSZJpQzAz64pcNnsSbBTnaqP42Q";2018-08-22 13:21:41
"513";"noQ9Ti8TfomxBODJEL-i7yCnRo8_SlTn3uUch3VLnOpUs-DVQqYxDHg3yEEzhbYL";2018-08-17 22:11:33
"514";"NpH7p-Ph5Tx5LlT8LL6XsI81Dn8cRItYMRzwOvUQ9VKhRjFeO4XB0O3EvSlRRJHZ";2018-08-17 21:55:57
"515";"NRFTH5X3n9u2pyZiAHQhRWmwZg5C5oWmdTdQqCh8hqj_OHB0T6kmCIgfUWnsBIP3";2018-08-15 05:24:30
"516";"NSFeueiefsHoK3c1DD4zN8w7pTSEk4r5cIO3j6ekUNRjE3nKWJHsk_QxZMDPe5ch";2018-08-19 21:28:54
"517";"ntvaYgnRywDLgii96BEq3OUkCJa7jfgHOXsyFpRJoNyUE1HYVHd-JLyRk1krhGqj";2018-08-23 16:32:28
"518";"NvVol6iFcVff41GsIHRkSuC0f9AUVlWo1XGk1PSF2fiJqbH7gvmdwxJIzgsCKUAr";2018-08-19 18:12:30
"519";"NW6J3-yccbdMCdzLSTm1YbwABvpuTPoyExXMA4_Apkac6EKHy2lIoDsWjaVhxhnm";2018-08-14 20:31:19
"520";"NwmDqHNNR4UghDHywVzfbQSQ5bW3yK4zgGZTYWHFksHHus_o1iTZteVy-PdiHkqo";2018-08-17 22:56:36
"521";"NWT29KYsGpIc1Njq8K4TY0yaEQdSTOm4Q21Az8N6EOvXcCT96wU6FRs5q-lgraWJ";2018-08-16 19:31:03
"522";"o-EpjtZpn6SzOWgKUStigdl1oxkMn4qbC9C8CTxie4_C5nRv-9K_dcwC7_sACvz7";2018-08-22 04:46:45
"523";"o-K-2aX_zXV3dxb5p3SJ2rDP6uITTD8qLeyb3sOBhIcaQ8Vy9vvywD8v4C6M-hg8";2018-08-18 19:23:47
"524";"O09HWh3DQtUU156K2D5qkOrUxhBWR7NZGuABdZ0b82Xf3082GALQNzE-DR1Qw5Ef";2018-08-09 04:51:06
"525";"o3dSDbzhplHkP-y9cujBJaoZYG-PybWrfyEmmAPi2ufjklIArzotqL5Burn2mKZi";2018-08-13 18:19:49
"526";"O6n8K3PLit1aux2O2ZsTbLQC_5gKzArQjqJ9f2ZkXgH0eKNsLkusP6etcmcYtFeV";2018-08-21 17:27:53
"527";"O6OQHINHwn4WY79-qXiduNKnjRJIJDVFoiwSiftJ0ZIMXuNMjgHdidUUGQIzd0i2";2018-08-09 15:44:38
"528";"o7RHVzMUkTQaND06sZHMu7VWgbJZvBzcJHZg7C3Q0kWI2EIjcKeSG11R72qnPKFL";2018-08-07 17:17:54
"529";"O85nwsV1A_XjuQ-tIaKdostK53LRKZnzT5s67MXihZU0LnHgGoeii_bmY6Rqvzfi";2018-08-14 18:42:50
"530";"o96XsIR028ilqehHKqgufV-RonWEj-yepgPDlaNLSJxiawYAhtToolrlwjdw6Rde";2018-08-17 22:31:24
"531";"OAIXUdqMvM1i4cJoK0fXJV0BYNJVXQVaaxze9x89b1-h9-VXUKmTEO2_OfYqyz2k";2018-08-19 22:53:47
"532";"OCW5M6TsgWtB2kzRmwTC_LrgHpsDxlUWe-adaYSwh_WJG1mZiI4Lxy3yiFXxb0Ac";2018-08-14 20:59:20
"533";"OdOb1qAlQsrXVjfZk6SHmCuipDlEMJ5VSKB5scUO_vqh3Pha2iG9iu6k0bcGBgBG";2018-08-07 17:18:03
"534";"oDTFcKL_b_j9OnuTMrN0IOuBcmURsYtYOnxTTqLKUPLS13wMUml1H-ztGZc9Vipx";2018-08-20 06:59:22
"535";"odtSTD5xxesC0EM6ZeKx-De9B6QhcrXRh7nXHmr-ba4vZ_FKBFT_Mh3FiEzFOIn7";2018-08-18 13:57:53
"536";"ofeGushrtmr5UQAoUn5_JPoU6InwrW2rKWsPawtLo2gRUpYiGVi6vlGIMr9wNLz6";NA
"537";"OFxX6Sdq0sZWmEvkn2058f6I796e9Y1irj_TUmXOg_E-qCiCuVEjIUCiUlH8uLbj";2018-08-16 19:49:45
"538";"OG9qaKvPG7vb6pJ0qlErrQfmDKjRmYfA0tDFV29mO5LJeXlJB5s5wQWqP9uSUZUH";2018-08-07 17:23:38
"539";"OgyZWPOzvmJXy-zldpheXfnI2LvHURQpALr2PSEt6S5ZFLh_vfEmnQRSfiwXzd-M";2018-08-15 19:10:54
"540";"OiGjOjKi_EyRkS0RzsUVEGYL7aXJyGsXoygbXDAXKCQ8ct7iglJuEy_cUn5NA5WF";2018-08-18 18:28:47
"541";"oIndkqyhz5yoVGcEbHzsdr1yeJB17Ix5JEbgwtMqm3R0MRB0LUIuwddKPrjgSW1A";2018-08-16 19:34:09
"542";"OK1DtBEF6jXBliDuINNga7v1JxxA3YhWZlmxnl8oQiLKqVG3d83lV4a-EivZJKCk";NA
"543";"okD5LLWrOt0MxsAGbi-MpnehNdKZhYlCc1OTSUu6lQ75KygBISv7hEOTTMWBAFjc";2018-08-20 18:26:25
"544";"oKVSRNc0SUjx7KnJ3yrl3NyTQHi16JovcQaOwk1FFnAqeN2ihyQZYCZ9cVPtr9g9";2018-08-07 21:54:39
"545";"OkWrl3QndlsSEo2KWJJn_1iExcmX7esqSDa-U8B3bDd2zS9g30bFZL1B7cr8lZFf";2018-08-17 23:41:15
"546";"Om2J0_AHFCsjhZ8sug0nNxvXBDfdmTiJ23gy6GQzRk_g7lDCfDey1rsXbUz9hjbR";2018-08-17 22:10:26
"547";"OpNqFqs0Z2-Mtmy_EMfwUkh2uMjpNZnv7lqSNSN8lYGhP6LHoKk-4R8qlz4qOtug";2018-08-07 17:16:36
"548";"oPzAV76XyjdJiXAFSZmEevTSPl4x2zjkknf-zHqtM8diGChD_7gmo-SrFZOCOEWz";2018-08-19 18:11:20
"549";"oQd1ZlDbmCO1n17f0ntDXw7UZXiuxOqCLw9PsPc1OGo1dsh26zXiQuq43TH3gn8Z";2018-08-22 22:12:46
"550";"oqgMsIqYc42eIi_O_3R52gYrcXWBXv3Houc7AYdE-Q_pBgxHe94ViuFIj2aN95q8";2018-08-14 21:01:26
"551";"oR_Ke4gYA7FPGZdhvDbgbWAyDkySgsTRn3ttfXUuWPtmd6976qjBC3lF7CO1FEde";2018-08-11 16:45:14
"552";"OsAvduAdqlrBQ7BUtoFMmlUMcqZAmlk3DPA3aPQ3kI4MrxSh-C44sh5PHnDtOG-U";2018-08-21 07:07:48
"553";"oTCuPxMsedAbHjIv6EUcY-OtPknxpfENLWKL5IfkxL1zzqIf1uSRt8Oyl1xoGAzr";2018-08-19 22:11:01
"554";"OU75vBuqo3-g1_2r-1uzemlXulI6eWWukswAcLL-eg7d3EiJ9hNnlrWkfWWY-5rE";2018-08-23 06:07:12
"555";"OWRMYT4vCnV5yoTQSsZPJ-S_TYOkzj7CFYdpTpEXsamKrjHhlI0OYPNkDCEKoUzn";2018-08-07 17:20:32
"556";"OX9e2w66KblwDGGrgFP4N18zA-nvPSF-HWJ6I7YFLo6wdb6uzUWGEm6nSosHkf3m";2018-08-14 19:30:31
"557";"oXyP4Ieg6VZ5ZP2MEM-CUFV_9Ze0djOG7z_4EKUWgec4-V5kIgr1VKUbxtc_s5MK";2018-08-27 13:17:51
"558";"OydhU-PYM0NHFyQDidjWlH3pQk7qF9GRhcZmu8FqNBHdNDsobRzS3QCOJGDNANPb";2018-08-19 15:48:15
"559";"OZVF50KjMilL-ZULmVc5azzzUdUDaJFgyX9nvpQ4iPE12eoTYdKDUuz0YDNZ9mF6";2018-08-15 20:19:05
"560";"P_rcsBA9Piui_7icxynrRH-8HYOkkYwfesru9jBc5XMtyAr2mdziJIp4rcFXULdC";2018-08-09 03:33:04
"561";"p-w-fFaMl1z88rO6tm_UL626gQghdOd77qdaB7tLXGzUQpW51BchpeoCRcrP8GmG";2018-08-18 00:36:16
"562";"p447U3_N2YqHtZ_V8-MkZJDiEGodXsQwTgot5VrwCwSy9LolLM0vsxBB0nGCp94A";2018-08-17 22:03:35
"563";"P60D38IN045IbM7gxp83lXWd6M1bNaO_o_1byhyB0ELQIr6iwqgT05qBbP0M6gcZ";2018-08-17 23:23:56
"564";"p76UzEkOsfgukFWFG1GPE23pvt7N9FnKkz5LGhwKpXOYLeOuHnTSshVRTz6DH8Um";2018-08-18 04:27:34
"565";"p8fwyJwxox9pBh5XLBfXdhzWuyPUPP81oo5afqGy2BWoM8BS4DTrdUKK6VZTop9Z";2018-08-16 19:29:48
"566";"pCawP_aGjxTJHZopQWvm8cLdU_CtSPpivCOx0gmJNa7dJn5lLCJ7FS6XwFTFz9uS";2018-07-27 19:02:52
"567";"pcbxW7Mt8qo9j7_I_4PlXpDZ-gJcewiFPcB5Ivsn42kvoo6uiGV18i0kSYOzp6BF";2018-08-20 18:52:26
"568";"pFaFN4nLXZKBHDmgzlh7wF4Ok85Z3i4H9OOfeByt1T-iAM7zBp4KWsfX1zbSA0i_";2018-08-19 23:47:51
"569";"pfphCBcQ7Ei5e_AIiObLrQSvhooDCAAi1d4Ordzl0vqC2U92RpcKzt4oLLBH3yp-";2018-08-19 18:46:06
"570";"phdSHk_1k7X6jY6jnngpvL0uAOry4U8x_OYsrI604T6YK3CwJYbSiftPwKXvHiJd";2018-08-19 18:22:16
"571";"pI5KyyVoZOxknJDGZ8nwmELJ-gXLlEGDYZZ_tBKwJNuHX6eIA3nAArbhl5v_I4tr";2018-08-07 17:20:16
"572";"pl_grwhH4HtnMwvBHTS3WljucDe00zgQc5M-5mKyPHptdY40z2OnGyhsf_j7_foT";2018-08-19 18:03:05
"573";"plLlZhtkh7R4QlebjVAY74TjJxDtylwee1L15jOfLZwn_P7Zni5w7sw-L7XyO_Bk";2018-08-15 20:24:19
"574";"pmTeDDDeu21DCwQl-Af4dxbpRG4qfPJrJXuX09G7gprqPTUVIuFuv3rI_7Bd-01T";2018-08-15 20:17:20
"575";"PNmnsDZMxNfpimA6mZ06CFiKEZBzTafjyV0iw8wAS4WifLnP44ZBdDMIkoyF_zhJ";2018-08-07 17:17:50
"576";"pNvEflpLcScsgsl7hi7I4Im1FyVTd1qXwLbm4pqnV66A2kz7FdRlBw6k7GuOJIpG";NA
"577";"ppeE-ItuZPziJ8ej_ril6Ae0uo8HDCRv-Fi_Bpr59gmi93P-8BXmwPiKVgAt1zoX";2018-08-22 22:28:15
"578";"Ppnp2r2cx6r-3DZ2Wn9F3Mq43x2EvOVseUFgO5BBnIbUG5bL12o3YjapxLnfUjm6";2018-08-19 18:47:27
"579";"PPS8v5t4p3Y5-4w1qMYRA00bopv_KKYtm7Ql3T-CwCvygqLdwP2pNUc2v5FPug4t";2018-08-07 17:23:22
"580";"PQ-yDUL7mKx_uKugHgziVLuvozJNSWM2w4hvZF2uszX4jNtWFcxwSpWU6hOLbSAc";2018-08-20 00:49:43
"581";"PqTFgqfx90Jz16_X-kU8z0L_dt7WpWakcagP7eG0EGZGBlhc8Mn_8JWtm0DUP08C";2018-08-07 17:49:31
"582";"Pr_YssXXXonxKoUVUULFjKQoqWZ5nbf3c6HMjUv68pCcBHX7aNE6FohEsclyl8RX";2018-08-20 19:45:02
"583";"PrD4qHR4flmrzTUeYkeZvMO7N591ursLWESIHeoWHrnkfBJJleqI_TTZhKx10kxm";2018-08-19 19:31:17
"584";"PRxCzd3mBGJbS7KWhXU56U69OUaff1HHke0OFBGfhT7DeyLYwY_Ei2w3uuUz3SCQ";2018-08-19 22:24:07
"585";"PSIVsRGXD7JIkWFNbFGtZKRRDVawcqZzbkYMqY0K0eQvoMKlcvwR1-hbwskCUx7z";2018-08-17 18:14:13
"586";"pt9YHo2qL4zIdemU_zZ1YIu3MbnPN-XBdBm1Vqv8SwIj2sM9WCB-g3XPBVucqp-p";2018-08-13 18:56:04
"587";"pTEON3BqDETRyjbyVTuX0aqLE6VA01uJXK4LKPuOk6AdxzjZdtcYrhUD2wig0LGj";2018-08-14 18:53:47
"588";"pziz9LNcGOlnPTMqgKiS0XPxqrJK2_u0d222ilSowpIlMqp2ec7sqX-jV6QrQdI1";2018-08-19 19:12:15
"589";"Q_TkSlLO9cvDt-KlXofD6Ci2J2uLihWgIImd9x4NKbEHt_yASiaEfYC8npqKvnXC";2018-08-18 04:22:04
"590";"q-AykujaVrLvxQ14pPwrHCw1UgpEMipTkR3rHgOZziJJ70c3UK5R4fSuCiicGDXl";2018-08-07 18:19:45
"591";"q-Q-k-qLC0OGaPiHHdFTpY0J1cpAw9RKPKuPSkBo55Dpc0PeXU_oKUsYpRhm7-h_";2018-08-17 21:56:49
"592";"Q2DRgBzc1DCh4o6Up5JxgJBuJ8cvaTGOmeZoorJddyvfpM44CKinrveeTAArs5Wt";2018-08-22 01:10:56
"593";"QbCEOkXtxM3haYBJxgtZl-gDAqZxqbGKL4VjFUe5iKFpnVoI7tXtubAS5Y-HJLDT";NA
"594";"Qc2biw-FlzHsFFMoyMNLmtNwNg8AjZxPaZ_vxjGMk17vesU0IZSUgPekYFBikXNm";2018-08-15 15:29:24
"595";"qDBmegNPFSBwH2NRGlJGT9pnkGhJ_AyZ0eXZL0sp2Lk05wKv5Qayg3cCceKauEYx";2018-08-20 00:48:51
"596";"QE1YrNHlVdsX4yqYQQy8Z2VCdJywNX8RBCs4gqWzL6bRTZHdwF-VjzUwAv81ZLir";2018-08-19 19:05:57
"597";"qf3LHAoO3suS9hpjgDMR9uf-C-YnLaSlqCrkIVMZbpGTX4bZsVzU6bqevzaiZ80G";2018-08-16 20:02:07
"598";"qG3vH1J2rps2yBFMDdDvE6bEOSuA1cGgbTjFESa2swjjzxp-MHhlYq8XvaRQQTOo";2018-08-13 18:17:58
"599";"QhllEswVCMlSn-pCqFqSOG-B1BSTQpfBNZKSx7Qj2vx2Ryf1ez4rM7B-fgrZ8o1l";2018-08-16 19:27:03
"600";"QHrlYqdhwo7R_IQSBToawBysIvLJSetp4fjJxfbyBopPX1ecVzanw0NlzKc0XazG";2018-08-20 18:46:06
"601";"QIJy1kpln_GD9zZHV8jXI0wI9upGZpPF4O0f_Kx7hKEbtsa171nBkTrguq8spbrY";2018-08-13 18:23:55
"602";"QIpdKYr1idnIkTc90NNloH1idsW8WUiIyFNZlTN8qsmMH1QV83p4vS1vmHII3yJT";2018-08-15 21:18:29
"603";"qorQYPfR1NtEi3taQ4Py5tPhg6NIFVNRkG_0QHsC0EYiSIT2-M6vEB90V9rZy6Dk";2018-08-19 20:00:32
"604";"QPyyPzE1iTHKyt_iJJhYUnWx6QdYczzzMOqM8tIEdQwWwWH284Fi-En1OaIU7Hzi";2018-08-20 19:47:02
"605";"QRC1K1JWDKZU3xUefgLJyf6B-W_D2aAY_ffsdvh_MYq36XymMylL4syNnlptmxI8";2018-08-19 19:18:30
"606";"qrsNTAKqywlPkkMkjTLffkyw1YR3eNHwYaO9YrMTEFSdgcFTLR0HCx9Ny2pb2ltF";2018-08-20 18:23:46
"607";"qS--vWeWyuyaVChnGuI0fuUk-5xvxLA8Xg7wbVSZIZtrCGR1CNhznurhGVhj3Yhj";2018-08-19 00:02:59
"608";"quR4KfsnTLrGQe9vIOAVVXsbBd6JBdvYzamBz0wwPjitiVNOLHwZM0unkE3AkJVg";2018-08-13 18:17:04
"609";"qV0KnrDolXldI_fWzgSG3Z0CXTMa5YOTbiM_t4eUUga4QEk1v6-Aln3R6sQSIkho";2018-08-17 23:04:00
"610";"qW3-laEhKm4emKBPYlfeP3WO7mP_RASUHE0pMFZEbqPaVC3TjJwCgI5GKu37RITg";2018-08-19 20:21:36
"611";"QwK32C9v0teq35S2f8i4m_ML0wUVtKn5UJuBeIdw7F2JAI6rdDZ7C_1sk_g-zsWj";2018-08-07 17:20:58
"612";"qxCig64zP0R-9o3tJwcNLIIoSlYUAgG2rkYDDXJLQiVfmFqy9dwFQggTJljFYwxz";2018-08-08 16:20:04
"613";"QxhKrOUu1zr3wx6a-M8l5VtuaU5_tR7obWRGm_Uo7Xq9rQ5d1JQ6eeL47pA1fRGV";2018-08-21 07:04:30
"614";"qy-li7oVUobyXKXAymPMQ5sWG199D_nDzj2xN_WbC9Auv1kKxmTkICBVzGkId_g1";2018-08-20 19:17:38
"615";"qYEraPz8CyFaAS9Xys_l7jiLQLkAeaWkX4dHm7POiY4HsAGXvL6MFyBnYGGlFr5m";2018-08-07 17:17:02
"616";"QzkjXEgdPQP4FvB38__BWEFX8tNe0LypRjCANl6CGJwCporjlpuSIusmbpycI7k6";2018-08-19 17:57:28
"617";"qZQH6490JdZhwORf6NnKlNiqf8iyCaYLhm3YFVVC45ttj0jnLkUSN_Vk81WxWwd-";2018-08-19 18:17:08
"618";"R-5HR7N3YIQVxR0dA4GibSfe2Z5f2B4Vlkc6QoPuMDNXpjyRDVMs67I8dXCZMLKm";2018-08-16 20:11:03
"619";"R07Ciiie1-A4t2GjVkX0kF7gY8SWWABQxL_uMbQLgct8HzBgeo9li0qQxl26HxLI";2018-08-20 18:50:00
"620";"R0tn0u_Vq22u4caFWtfpJUr-LeBQlECzjL-Lew2dQz9C0FEnPS6fIXq1eJvAZNPO";NA
"621";"R4KyQ9_odSmCRSWYHqjS8_tTcyrPL6D_gyZ3QUdCDnrKUMRqUXMatCH46qCrdotk";2018-08-21 17:33:06
"622";"r4YR3kE3z2D3dVSaYjR0jbJJ-vSm-gyKCDz2kpwv0K0yDdt_EjFrS4mqh8fe-bf-";2018-08-15 21:42:42
"623";"R6cr030_oLAkJQPPA5cwuXLjS7Eu-iTP0YOXRd-D0xGT8SaTFLXx71FNNDg4JCEl";2018-08-08 03:48:02
"624";"r7hoa50hdmjbAuWcTfrmuMd6o2PYWn-b6SS0vmCpkO0-ANptFE_RGzl580i1H9f-";2018-08-15 01:49:01
"625";"r7PvgczoYCN4Sq4ZfB8zrPvLZdDFDzAgRv6jdnVaop92y48HLV0yrfFR0IJXp8Sb";2018-08-07 17:51:01
"626";"r9pwJj5LuDOsN7J116RddauV71WraO4N6VfppXjG8uV40hUUIG93g8CxmD0K_fYx";NA
"627";"rCKtyq7ric66wIBJ-2ZAT_XwDMq-bNu92hZP8-d2MubxDGwGDmENappmSJW4fkek";2018-08-15 20:39:54
"628";"RCO0HkfB9L3hhHEhbJ9D-1m6zbgBhHON_8Yqhs4Zz0j-raCqkaYWXG_wrsuQvgpL";2018-08-19 21:38:24
"629";"Rct0M-iNJFBQ1BDrNazISONhFPFTCdvraITV_WjV2HT8Lk__7ETl0XtzjE8sWNNt";2018-08-19 17:54:29
"630";"RCZzeH_bNsh5BMZEWxsb8bLZg6vumYVB5STJpbIz4Bcb3ZbluSw3enultPFgL7qm";2018-08-11 05:03:47
"631";"reiic2sORe21tIvzPUqj4ONVCrix_ZorwtIKECv-CpawjI2nG2wqqlEsmCeBT6np";2018-08-17 22:43:56
"632";"RH2wgY_bvYKnl40YGCQv5U8uj4gHFdpF-ipCSeYBN9ArTB9Qa0jCBs8_YTOGwOVA";2018-08-14 18:36:40
"633";"RHwbqQJiTVF_LU1A_Zs8cW_rpnpWfY750nWQl58mrS02MLLihcGkYVhGalwnsfqx";2018-08-19 19:29:04
"634";"riPCXDCMbUd7iKMjefDt1i4BEFjuOuN5pCptceY8A2R_SBeRT2zYAbT8HFJQwktk";2018-08-20 19:14:23
"635";"rJpEQT0qcb_nOIRY5Bx9URFYZjCBrfL21rUBVatGamx4ZvN450TSJE4xkJIKmZhK";2018-08-19 22:15:15
"636";"RKhcpnoTKIu8BbrlIqXG_T69QlIr961Cg0hoFekkcIcTIZewjg9WAeiHOt1yVBs6";2018-08-19 22:52:33
"637";"RlQVyChqQorAxo_WwPtKK3dwX9lHx2rtycBlwvg_m4vaK_tj2D-dg-IOzLaLmzlM";2018-08-22 00:37:46
"638";"RMfEna12IoMym7lkvkJ8_3ljoY5QQam9DFToBZYXGPh9yOCBgr-MieLNtcvJetLk";NA
"639";"RMseBEsOCyhVIja2M3a_-KzVmv27o8AfbqbHUBe3Q1MPF2ewSxT4KbVMG5J4EpW1";NA
"640";"RmwS7VnlIaYI3n0d0XkFUJbsgov4xwrc5QKqvLJuC5K_fB4WMr-_nSv3YitukDtz";2018-08-22 21:45:32
"641";"roAo8ZnPTEKNGcDSfQ3wgMaDT4hyi9GEwLjEKa7DWQSfF5G-SOnKutDJgf6vlRo9";2018-08-17 23:53:01
"642";"ROEkc0_v7iFJF01H6lkzCudcOHL7f0aG6XZiFKsXChdfqEiJF6Yc1CWWSxB_MBR2";2018-08-19 22:57:47
"643";"RpOX3AAFEaAeSoBFbM3L-pwXXzteHejgyrm0Wll9yqhOVTmh1BcQbYXQQaCMiQUH";2018-08-19 23:20:47
"644";"Rr0MfvploUWb2JzK_p3a2Z5MEEsFlKz5m4ER-DbnH4t-J8k_ek0fOg2ui3OZYv9q";2018-08-21 00:00:48
"645";"RRXbJ8FOdKH4HUNCef5-B0cV0-FGYc4bhYSkWoaq-OpB4zfq84QY3k9dY2bXIFwk";NA
"646";"RRyJobZLR_5uDwConN5rHn8U-tHdTvvNfpe69llDQU2GBanG4MlGEcZloViH4buU";2018-08-17 22:01:17
"647";"RuhonHu0Le5IrnXhZZwuoEhfZBkdJjZOmGjn5kNlkqjQfP3ENrnaZT_HDjvZQ3Sv";2018-08-19 23:10:21
"648";"rURn5iOfFKrTcsnyhtra5S4GErfmm-lvav7PchyyblPLC6n4qN8FfyJEmAKcTsSA";NA
"649";"Ruz4_wt3Hg7kqpNJlhHMZ7MmxE1iBKWru_HTwljtrd4w_rSUYz37ybZG9t_EAZKF";2018-08-07 17:27:05
"650";"rv8DUKIYn46XJyzXnQDmGXyQ8gjGqx1Nlvg18k7DSp-U5pV1CP8pZ0WcIKC6Ci0x";2018-08-18 01:49:55
"651";"rWiAUxHxJb0CvJS497TnXZRkJU0inbTaqnBBnUzMS8CLzYVpmWyQsRSWNcqzEvdS";2018-08-18 01:37:08
"652";"RwWIGEbUOJbWc7szJQMA9T29IREa_w0RqY-lUfSIJ5t3vqkK04ccSrNgmZSm4V_b";2018-08-20 18:25:19
"653";"RxHIu-kf2RI7O33nAJGNfSzjIndh_7cr3IuVsHAKsZReTGXmf6IW576lWLDvzzPQ";2018-08-17 21:53:18
"654";"rxhWqijCbVNm4OIk02YWPi0E1qpnYuhwKlEVeL7rC1Q-11Jcn37lF6wW1rh4waf1";2018-08-19 23:13:10
"655";"rYg2-aOGqIbLbA8NYFa3cKp7nzNd6xKFe0GAZRjuq6eJTtgLO9hO88weD9MnWZJO";2018-08-19 21:51:13
"656";"S08kqNffeP_6NYG6P_tywnWAdKI9UA1kXs7CdQiyGPhuHCIgz1-6w-N_sNGpgjut";2018-08-13 18:22:05
"657";"s0M42rvmc66B_pdFmBuNzJncyiZ1L2RrKu33uTRRwb3h8RpSrPascnJHu538EbKM";2018-08-14 20:34:18
"658";"s3uhuN6rOVyKmPMkz9B2gRntjJ8jSu9Jm9ct-yFwBenlUcqadxK6_L-cD2lsCBaZ";2018-08-18 22:39:36
"659";"S3zxxQjOYj9OudDCliAmsqC-gbC3Eb-buf4pc2Be4BKF3chcdPJZWSM9I4CRDlJv";2018-08-23 23:40:03
"660";"s5Gezz5uZk_uQWFmZPKzqPflusRrKeCyeEibb7XG7W84eNW1z2wW5LEksdxkTzuE";2018-08-20 23:25:41
"661";"s5kHEyZcg7XRXvHIlr1Nsfu23XT_wryBNr765fhTliwG1HhgIg-65nH-KwK17YD7";2018-08-19 21:33:42
"662";"S5LuxAyICtDm87hY33hYxDzLigwGwC6GWeXto_t8sO9jhXWF9mV3xIehArwcWZ6-";2018-08-14 18:37:49
"663";"S7SjQd7zcnaHItJlyAm5ztn5SkW5OwrmiJ3uUGgPIunpRQO_moniXgEQVsTWGeU3";2018-08-17 22:35:59
"664";"S8xYmZxrfWZ2DILUE9-I8tuQC01AMKzxXTCrUH-Bv6QWIuyFQHs2TjWhJyl_qOg6";2018-08-17 23:42:52
"665";"s97a8ZATZzuouK4WLkYN17Z0px0oc_ynapUEQr421u4RBnnsIgpI3_he1SWxiwaV";2018-08-18 21:57:57
"666";"S9fBHgLwqv_2xSadxUBAGlbirHx04GizCAmMAFBhRbiiZpicJVn_yrTaE685e4OW";2018-08-23 16:26:30
"667";"SaXBSNjPxPU1uukr36xqqOt8K9MW7tOVmNmxrs7K_R8MRGjAibHPnYd1mM_er77N";2018-08-20 03:31:58
"668";"SbwUEfj9yqYnOvcJpj3-tiLSSuzH-tjfv-5hL-ZQZuIDS7wv_zp9MPT154c29SJM";2018-08-19 18:10:09
"669";"sc21KqbS2s4q_mRPRhz7oHwpls1v_2fkQNNZUo1kYxiztNbg2th9C59EoXIB5X3-";2018-08-15 18:51:59
"670";"scbMQNvIsRvK_AsdhXLZqaKFjq5DDZ5OUA5GU7o8qCm8mumfLGAT5ZxMSGZz5MoW";2018-08-20 19:30:11
"671";"SJ6sdXepjNN8f7MdMHu-09gaYLJqHlEzJ51LYQY6KPdWw2cejdPWlcjsDT2TRkMW";2018-08-18 15:48:01
"672";"SkxnM-k0SQU_nHUourdniT5XEhhh0Z9AvDEey9M6lcVw0Jzr5GuADhY1KqA7uHvO";2018-08-07 17:25:07
"673";"sMXQDJwEvS8kJw3NojSGiZ0NhUv79pRwhhkIVZtdFVPK3CkUN1TX9rrPObhmHetW";2018-08-15 19:02:03
"674";"sONDc2Ht7dh-MpqwhyZdyjAOkYuXXmPFGi_UqgoH-_ciIhf6P23PxX9MHwiuPb0h";2018-08-15 18:53:22
"675";"sOXpcIZTTUNW2DmnpF5_n9bkVSzLgl_kei_8lwkbREoxyWqeDWVfJzmiE9c65Xsq";2018-08-20 18:42:44
"676";"SQFqkpJDYCSnlJ5WxCCYP2kNViqRQTkluuhNxFeJT82ZDjMMXWRMh6YOKcmT1F3g";2018-08-15 20:57:15
"677";"sszSsMfDu92x5LwthElrbmBE_zsjAAP0G70mBNfNCIWJyiuuggV_6nA0QUlelpqY";2018-08-18 00:26:20
"678";"St_rghqz8L8kD2qEKMd5NkGpuaODIZaZ-zmQgOdtEpqbBNURmSFqCmJrHrYR1mm0";2018-08-20 00:03:00
"679";"sUGEhzaHgX-ZIj95DhBc0XinzALaPXOV_mDSpe_F7s2Hjq7EkYeylKof0S6fRZmp";2018-08-07 17:40:14
"680";"suqTQPnsc8wBXllpC2YVKWfXGgcHkCObN9CrrAduRRinJO5MD4Z5ME_1CZFNpfcv";2018-08-17 22:03:32
"681";"SwdbEm0jUpQZxSJgV2lavQ1b5TEEYYm4r9nCVI80wuIrNafKR37CttoyVnAMt2TK";2018-08-07 17:21:20
"682";"sXxY1oQj0mIyNkYMhkbBomSpv3OekMChZAHB6P9rNXYBUjoTE4Zc1BlnVmk4Mr5Q";2018-08-17 22:33:16
"683";"t_vQRkwOjeByFH_gQm8DJhiDZJd0BdeMIB9arJzCK99xTt9BXXQeBz5nJ4zV3_UP";2018-08-20 00:29:59
"684";"T0a7Upz-K_RWB0RSvYoSdiF3dCrlBdQ2-h_EW8gUuPPbv6CUum1WQbdttasJaciA";2018-08-19 19:21:45
"685";"t2G0ZtzM1Y23D8zfagxUamC66PZtvvUfbciaTcvbGCdmTEzJoHz0qd4NcvBq3xfo";2018-08-19 18:57:33
"686";"T3K8CrvN1_B4R0WhWGFGVZWzjIvFLlCXM0Ok2lXGFYZfa8lPRDjCQ83THtMrfs9s";2018-08-19 14:28:25
"687";"t4pfQG8vCK5sOdABOUhokFejf3_LbEHK7Ig4th18L1YgXRFYaCL_R1zhzOq6A_zt";2018-08-16 19:30:04
"688";"t57wyhn5Q0kszz8qLsi6IG0SYxVt5Z5bx0ls_OfrOsOY19xIcILM8w4JmTJzHF8x";2018-08-20 01:24:54
"689";"t6cwpPsG1C03ULP_2qcEnnP9UWJsVBbiu1cn4JX0f31NvCKAhn6y_-csObKo_HFJ";2018-08-19 00:05:02
"690";"TBdM217E5XOLUsH0gdv5LqZ3npm9KoN1x2blcC9UyaFzxPMZ8e_X8tYlEz7DgcCu";2018-08-07 17:17:09
"691";"TgRJnr3fiexC2GgURuNn1XfUzoqOsWis0yV1VBv4_xwPpCcKANpxZGsbz0-8ljU_";2018-08-20 18:25:14
"692";"TINTAHl2og0JV5zlOH1888XxDjdTsAr8bhEinDRXrv9wQnsgOzIhzcXxZZQGbu9Z";2018-08-19 23:22:06
"693";"tITseTfAy5OXlYBRjCDcLFbb0bAu0R9uKILG2CJumvKdOaz0lMkUGSgouazfv_vY";NA
"694";"tixgbrV4EqkcGorw_HeEoODZ8l7e0-9AghNU6j8B2jxezRFw0rmrwnchRIO_PvEL";2018-08-21 01:10:03
"695";"tk-GH6tNeJ1gxUWtEPvXzIpGmOcyh7mAd7kZfieSFEIqeMv4ZZoy4AV0k0DUBV93";2018-08-17 22:38:48
"696";"TkRKgDNNOGuajx5Js9ny3FikRims0bQvAEIOBEztGZSiAlj-ljFN1JAq0zHkPF2Y";2018-08-19 22:42:57
"697";"tLNLskZPJevlG4c1G8EMsx5TBhC2aPp7WZytRsnhfgxzkY8iXDCniE_pTAL0auT3";2018-08-19 21:27:53
"698";"TLqwvWyziY1KIcvQWX5i4xocr0XFYsGhYOPxvkpj-H8OIWMZIBsZcl9-U-ZhpA5b";2018-08-17 23:07:40
"699";"tMQY3VWeqBNPBEXyXRf8bPj2mqOSDbu2P0Bkj2uaxaN9CVsKX-IqbyrdeQsPFdNH";2018-08-20 04:03:01
"700";"Tn4iVdnABnn2qDeKMNJDAlU6152U2ttRYuUpcKJ8xcGgfEq5UadHHoaUao8AM6-F";2018-08-17 22:40:24
"701";"tn4Z3dttMaWrSNbs8po4OUhjQFTYC1w-M40SQK6Hry6lreYfAjUKH_HUENi__4ny";2018-08-07 17:26:15
"702";"tnbyCWtzuFJT4sv8MyhElmaZP4GlHIdFaCt7EH80_GdamhRORyxscsgbRI721VZY";2018-08-17 22:50:34
"703";"tnk-iETtG3E4WFHTKXxlzF6aORwIxrg-oZp3Ect25fjI1NTVC5a9uUpKnMCabwiT";2018-08-15 20:23:49
"704";"tO-7_GajBfsqRqbt8WdHL4wCaIAxPWO-btf7j0jIbH3IFNSMQj4q-McgjG3_jtZk";2018-08-15 20:18:26
"705";"tTFlQqD6_ghO55-VH6_WbZzdk8VEIrCGODklw7iNZTYdUBxIDcGzKs8YdllcVY8Z";2018-08-19 19:25:05
"706";"TuplWJQ8PXt9r4ASnBARc5AHIOa6knkK6wyP2Y2SSR7ErCDAWYjNLXUBekjJjuce";2018-08-09 01:26:47
"707";"TvPT-5m9l9UeIm93aLPSvgGEX04KATYNbzEhfFRt6RnQuCBaTGznkc7Pa72a8dy-";2018-08-15 21:52:30
"708";"twVo_m4esmgADAfggAJFD9DOcrbGGlF2OgwiEovrgsIHHmaWZJCx2QObeoAvquYF";2018-08-17 23:26:17
"709";"twyP4oBp3dNAt1nf-uBDBwU-c_nyPu_HxTvZvVymJ1Fl8fK0f8xYeQxb9BYAUmiq";2018-08-14 18:44:51
"710";"tXP3LULWAKplmnc-OHablUuWodVSLtbzE_yLQ9d9NK0RkQ7buDDkl5TFRDxkWXCV";2018-07-26 00:23:27
"711";"TXXQsG195xlIQPZoM89WQGy31i8tdRllYZ5vgTQykKPsgXGyMhv0P655HJi3EmyK";2018-08-07 17:28:39
"712";"tXysxZO6lEJnhQxMRVGzgTfaQCFLvrYUGAF9iYjp9eTAat-TFubO_fBVwyozYK8C";2018-08-19 18:45:48
"713";"u_FfVK6E2ogRSVeLcjlgs7jlijwCwyWhpki_syp-0V2w0kRcBXhKNRTATAthAiaK";2018-08-20 03:45:12
"714";"u_N35xlqxg2Z8cP_ZGUTyn1JPSIXuRZ-qZtkTYBkd3OjyZsUYd0LENgmODI6e_7b";2018-06-08 04:30:26
"715";"U_oxSvGLdsddtE6dnN_DJFyILn7uBw0I8fN7CVFJIFHj9IiOK0tmZGcIje01J35K";2018-06-25 18:55:02
"716";"U5MeIiGT19YB8feiR_eNnQUBfakquIHOVPcFDU9edyTZhQfY6g5eKqCnuv8lkIaa";2018-08-16 19:26:22
"717";"U8p3vX5vFl5txAJYqW6onnPSrv9LcbtJwqlXH-zyY_5HKKeOBeBbwMVDngBAHwLX";2018-08-17 22:13:25
"718";"uAF6IRJVPfSe3z2gVoOBgIiw1mQ9U4uJIrSM0P8s8lOoZmcJ09N6oJ-1VugP5X1z";2018-08-14 20:27:49
"719";"ubdfUxVS_uhWE44XOzhJo2peAEx4GtB_eG2ZVaui8JVLNFedRkeD3CDpYIOzjZTy";2018-08-20 18:50:10
"720";"uBf1QyfLZEbtv6nKZF-4AahOsjUGYM-rtuZ3MJl1UXnR488HATuBm6VPYm4lE11o";2018-08-20 18:56:13
"721";"ucADpvSKBPrbP6aIJNsNQCbMl3wvJdyNL4BIqq0jF_2xh2WLwiV0tT5aBAalyplN";2018-08-20 02:47:20
"722";"UCkCOellpwQfqM6dzus0C4FhmFvvkAiK4_4eBjbaw8DSaa4sd6coN_aCs7e1SbPU";NA
"723";"UEifWYQQK2zOXcmJxP31OuVUa3ukaIsLNV0tgepMnhIL6lrYZ0tWvNxdIgzY7Ttb";2018-08-20 18:41:51
"724";"UFJAk0tdNSV1s_El47EWxYHC5wzqq94QShRyDGkWW9-SxbPjnzL0Bz3jMTlHpL7E";2018-08-20 00:23:15
"725";"Ug2L9UzVFEp8vcnlT5N3g2HDLeTJhb2KMWE_1AEvRMJLdxOwwv_NfJ1g51fUey4b";2018-08-19 18:38:11
"726";"Ug73hBFGPpap6GGnfZny_Avg4kxPmpwopsqC13-3JCl7UKb1eBizBUqSMbK1jZfO";2018-08-19 22:23:42
"727";"UgnfXox5KjJOCZrD02LBuLRJ6CvBWxW4bpbUH80edHKgltsXrQwE24qTLPK3uHHW";2018-08-07 17:26:47
"728";"UGWlss5AAyA888k6Y2x--EiyF2i2j48ZGMEesRS0uXTlvpnv3oVBWJ0ipdnG1M7X";2018-08-07 17:17:35
"729";"UhUXLG5n66kPNmMzngwqJvogeSY4vji6c_3SJknt6ZY_iq5eYhizhtFGwbZaL2Vv";2018-08-21 02:13:27
"730";"UiLqrguCnGVrUAKQv_Ab_RzHBb6qdFz4J8-3UoHH_sjIQQe6w9aBOIcyA5QQ2f7b";2018-08-19 18:41:06
"731";"uilUEXmBxsaAV9-zFODjFueJN6KTDDm6s8Ot_7IQv645Oh0xYCUvEPXMCORmpCE4";2018-08-20 02:54:46
"732";"UMyEt1F21V1S46jGV1oV3hilsVxQyh6qGPjFM81MZalk7AzX1i5Cu72uQkfvZbYr";2018-08-15 20:22:11
"733";"unPVGyCQ_qIlf1iu6Rnm2oJGKGys5v9xTamjw07JaulsrbuL_QjijIt67wTjQsL5";2018-08-19 23:17:26
"734";"UNTNZo9FX8QqxAkeUdCz2DiaKAwGXJRScNCGu-8lIw3XVUKxu0IejGcKVAH2INtG";2018-08-17 22:13:00
"735";"uP8-gTNm-A1SYSO-bKnM6t_z7xgRD_AipZC0x7n2aEmpnchNTqFLHc2LT4Y5uxbK";2018-08-19 23:40:11
"736";"uT8TkKIvCCspH5PVVRAqBhkOqVZWwzJGDKcTf0qsbvqFewgITGq9uI4u6X4e1KnC";2018-08-19 18:27:19
"737";"UXOdq11PyBJIR5pyACa8EZFvMkFXT37BbuhMYEAvH-LwoLlpn1iEjsTGBO89Ciuq";2018-08-17 21:59:48
"738";"uY8xQRQk2YwjG671G5OpIid11m_A7w3CzCU-OsLHzUOrTRMsFUyfz9Cmv44oKQty";2018-08-18 18:45:39
"739";"UyB7gdj8x6w6O3vRcXG7vIrP9H4Zln377iT2-wsjY377l5JOCiZYuFQ-QnMcZSzG";2018-08-21 04:01:20
"740";"UzHMs3JrNb6lkfg8XSLANydYFZ7ZsbmUnyV_oZ0owmHIcjkDYl0jUmDOtFuCqteO";NA
"741";"V1y6XcKOY7ReWYLQmi1EY65RLXKhE7Xz0SKd_AYlmaLHpEB6aptMT-O6cJlFF-Hb";2018-08-20 19:32:29
"742";"v6W3r5QblsG4teXygqDhaalSqGtE9Spq_eIfs6juGnf4icI07nCCVnQwnk0pzLyO";2018-08-21 16:53:42
"743";"V7HjFgdNCjtqn3Nyl64LmWYw1R_Ea6YQ4zkfuRtj6bTw-4G_mn9MPWVZX5jF7VNC";2018-08-15 18:46:22
"744";"v9-1Y1xmhE69u7v98bSofK6z4vAn0UdptXWijwiGhpCWyBkSFZVRzrpXntT_Fdm3";2018-08-10 16:36:30
"745";"V906EgjArD4DmK03oQW3_pThaWPqK7va_R62NWzz8YSuU8vDjxKTJxfOBEs0dBwB";2018-08-17 22:31:03
"746";"vAAx_c8ruOnGwiqPxWSZQZi6mxgcRsCauMlXCh_w5D4axpRYKw3cajhwsDPfxhVc";2018-08-17 22:35:39
"747";"vaf8sj8JJ2EYaggeGLqfq1nnmKYYEtaR2kKpvjmr6OJHb2vWXhQj9XkjOTLXyEgS";2018-08-11 00:02:31
"748";"Vb-dW4iNEzZXimxIlBG54xNT5zP4aOavBO9LpM67t7MTHnPUtJaDFa6H-qfX-Zm_";2018-08-19 20:08:06
"749";"vcEN0SVgO_aQcPBrpm4gKSjleWPvd5bMFPb1sHfssI14lGlmIDXBbIO3F986YRb7";2018-08-14 02:08:57
"750";"VcsChubicHHg_Q9NNHH2wUpne3d5tg6bepXXPqiZcaH59Nwhg6U_PMAcsWlvVPc2";2018-08-17 22:48:05
"751";"vdDWM7r17s0upkxGmPRlgv7LdOcnsB3bkgJLr5NR8zzp8ZbraRwjVNDNaCu4X1nf";2018-08-20 00:39:47
"752";"VdFGhkXKAcBGXmxnDuqk7Qt4Dirx61U1Npp16dbCikX_p-BGWxHNC1AdbsvBPlgj";2018-08-17 22:09:14
"753";"vdrs_-qCha7F2hkRX4SlY7nWffxr6JQigF0prKWDPAJp7pERHTsLbnjUxsss0jm1";2018-08-17 22:15:43
"754";"vg2wkJ1Sf0zFUFu_MOhdc6YY8hdjBIFxYav1vjwj0HWHvD_LCkbgq1EkG36FCfm7";2018-08-09 00:03:38
"755";"VGG6dYSgHKrz79Ic_k9QjiGgYR5KFINVnuBvxrcJPFmh4_HCBH8GlhXJRSl0lAqP";2018-08-07 17:06:44
"756";"vgUhVqQo83nyppzZpw_VBHgyoUQFCalyA44-HfSBFAy_2PN_umPSY8yEL6WtZVJn";2018-08-21 16:51:15
"757";"VhVBZ54g_6WThFhHKRcNmO2PNbS8N_xykNp0wQP46jB75Q-TGTaaPYFyH7oNyVlO";2018-08-16 19:12:47
"758";"VkX3apYsFUk_ogQ3klD8bNcOZfZVnOftVZdMH1-H_e36gdo1PkTba35hjm7_E6R5";2018-08-21 00:52:00
"759";"VLJqDCzOZOa7TZtRszZnnGNNwL7X4z0skxCOpboQ36uZ7xm3kLf-1vfZcOyeKMX6";2018-08-20 21:10:55
"760";"vLL16DPUb5e1Lu5GDIe9Z2OI60wwTSJOk6rKLJwxJTIWgTkBLKpAkR-JSbupS4mF";2018-08-21 06:32:55
"761";"vlooT0qloQVVbF03ufe2pLIMqFWgo-roEPl3kTFANQvXWCB4PMAHvbo1VqBMNlG8";2018-08-16 23:04:59
"762";"vmrq5CVyWPsAiASvMkM2Ly8DtBwLbVJCMoW8sW2lu8kobIf65jEZQWRHK6fo8PMx";2018-08-19 21:58:01
"763";"VNCIWCs-5ReXC7-MC1n6vTlG2lXRE_2EB66xOE-N-SqeNNZOJgLxaT8z5rLa90My";NA
"764";"vNGZGHPN2YaqMsjcMfOlFk8nFvYuakkRcUl3JHwsxfPIpQb-o1I_OatXNa4kdqqV";2018-08-19 18:54:54
"765";"VO_iNVymdimPhmIUX5Y2VOZjKTZUju7qCgqrWmp1Vx4Qdc3-DjxP1Rljao-oY6OI";2018-08-21 15:05:10
"766";"vr0GSL2cejdJsbBPeghNdLxigVV7TWo02PmiTFlx4fswrUYXOOT7o9ZpbCFjgOYO";NA
"767";"vsnf3wxwANl_3auVtgFJon7VCnjaCJIq7vUOni5l_Dkdzg1qHkXikGpOx5ahY4ej";2018-08-19 21:26:24
"768";"vTN4bO_3hAIwTz8I2M_Of3f37x9jvSWCtoT2ddlCvu_k-RCd-ZHgS7i7kv32J-cz";2018-08-07 17:33:26
"769";"VV5H97yWc8zFOhYqzObZs5B2q8Prf-tLmrBak9I1njJKFYF4oM988PnnfUoaW-lS";2018-06-26 22:20:35
"770";"VvplxYH6KiQLzkVmImO4_ipeEjXgxd5S3Tov8TEiKgsnPnM1f8SxphCkp3SVzhgj";2018-08-18 20:46:35
"771";"VWKK14vuiQEdqeLhjhH1elcLthZdBorCD24TdRaCYVTDdRqLVzAHLEmWBc-J7sfi";2018-08-17 21:56:42
"772";"VwomEpacvFiHuTSrB1xMsphUxnuFbJVreQARBKwYPM7FJPU1oiAWKkN1ZOnMTqb0";2018-08-20 00:12:30
"773";"vXF5itoiULkRhdPXLzsc6ddDKFMCq4ly9nOlAKnD6YAdetixHskIDAY6ZvVLMuqR";2018-08-20 18:33:43
"774";"Vzc7PqVgFkwUDHYKFwoRVrANT3hDvOyigfOMxQC24vQ0tjppDU7eHXlessO11vHL";2018-08-19 18:51:17
"775";"vzl3Vb8qbQyFNzAJ_NNxyLiKLQYI6rZA4VSAFOmoRT0HfEyVhQ41n9saMvIlWQKP";2018-08-07 17:24:15
"776";"W_zSv1K688ernSWRmrXbuIBm1H-qRahWkOdMGCkSNXgfynpSeKmZAWfRB8K_fejw";2018-08-20 03:17:49
"777";"W-zqllarWt0Cf-zltVwRmGIAB-ynUPrzfnlaa5IF8S1EW93-Ofi0pf46wlKX0Sgj";2018-08-22 21:29:25
"778";"W0oJ4fwwWsyWtcRigYFDDlp5Jk-3o_Xht6sPSFcXLB1vP5MPoxoXaDVCLiXEHDW_";2018-08-17 22:37:29
"779";"W3topMXVx4zAvpPUdN4M0M1nlsvlu-aCxbvIZCYIqSgfhPVdAgwg4oScbEAks-Pe";2018-08-19 18:40:42
"780";"w9yeI080jXqrHHMs-ttVC8Mt3CurqMBKwaUPhivx3KswkpwPFH509rARkFk8nndm";2018-08-07 17:14:36
"781";"Wa42feZxb_1JCKf1xwsfloAi6VH5UUFRhKEjKj7arJjpXONhDsJGETYn8ND6Zwih";2018-08-19 19:46:31
"782";"WAxbR5efdS0EhQAUlTNFk8hUE7MG8Z8LsL9sfVzDvVOV4ZBVGaO5i9ginGf8FMsR";2018-08-17 22:47:15
"783";"wbL-WL5ug53Mu457RcDeGVUc43TxuErokIrmaDTsNXyjnVpkewhRm_nyjkAPNi_e";2018-08-20 01:26:32
"784";"wC2Ge6K5bgCtI1jfhNwDsdLFc2AppSOBE0nb5dcjQhYwaz6TpwJNXeM9UpmtpVyd";2018-08-21 00:27:54
"785";"wCi3yLBFi2_IRxCbVLTO8Xe0JQpPv3EpcWuVLRUpqTb2kEgLWJtWFqUe2Xgu8v54";2018-08-17 22:32:54
"786";"WD3-Kl5vN6mpXBEiWVDlSyEI4eCNj7frN6O0ZeMm7okkeA5aVKB7VmEr5Ik_Hbab";2018-08-20 18:22:38
"787";"wdIuyL4RJSuqioASlRkjA6awsvCEibjWQkyUwCsazSBcMdKqD2_C8yNAFJ3gterC";2018-08-22 02:36:24
"788";"wgBmWEy4zqNN8W3TQAgZyP2oPxGQhTl3GOQ4fwFYfNd80-QSXyYTMqMY2NM5RupG";2018-08-08 13:59:31
"789";"wgE9pVc6TwxFiCIlitXHTe9TZOvbromp_phy1trzzYGzslXSw6BdOL9OApAQgl6b";2018-08-16 19:24:28
"790";"wijGDBmKzjgRa8AXmcvAHXRCNrtTN3M5gd5xa9A5RNrgpVcalbn-B8n8iMrWGbwB";2018-08-08 03:35:35
"791";"wjv_p8MAWqXzNl8XRNJ4-Zno7LiGLU8h-Awz6Yb4Fzjz4KY3vEWC4oe6tUrCHo4d";2018-08-19 22:06:44
"792";"wkGUc_Eb7BsoGzYwCUbGt1NunXlWa2-PitXPk0mEW2SL3_jzWyZIKrhJCiiNT7Xc";2018-08-19 22:18:03
"793";"wKNEXSPlosFbNzWIu5YGbHHe7Kk9rMDmIoYHnq3aBGnFgBiPL8Ahi2s7xKR4g_Qc";2018-08-17 22:33:54
"794";"Wl9kJJY9lmdAZR4UGXM25EjkycnVwkVww5dkVMM0WFVjgqPFRzNDOpB4wCjSNp--";2018-08-16 19:25:07
"795";"WLNxVVSMvxT7EB_-88Pw9fQsOTSymg4J3Cp5Ib9V8aaxVHfD29X7ZfBzAlIOHEVX";2018-08-19 18:48:11
"796";"wmNbUe5y9lPK0AeUG4HK43U7CSqEoxvmDeBIeKBh-B2V-FxuTSh4aoXIFT1xb7zd";2018-08-17 21:48:13
"797";"wNWtv0sII0AdvJmY2Lr4y4QVhgXF6dKddBPWQ31XeBmzbO0dWr6bhBINkmnRHB7w";2018-08-17 22:01:03
"798";"wsKAXstFFn8fhBCxnL2jRWurU615nO1CUJmwviiFwOzN-m6y7Wnylo9R_dyiZawm";2018-08-19 23:44:05
"799";"wtLoWND0xAW9tQJP5VZtcE2Vl11qegw_lIu7UCAZUyNSYtMFZSJZ6IiocPigpDsB";2018-08-19 07:05:33
"800";"wTxPdgdWC7-BdJ8AV6qqGGJSjgdJXKpd2fvKht9ttSphYUc8-4dj1dqKfkykomPH";2018-08-08 15:45:01
"801";"WwmE0RqYeBEfzU6aQL3Qn-n5FGZ-dyAvJ1fRPP2JP1sDO23ly680fuIk9Ekt5p3z";2018-08-21 16:11:35
"802";"wX6XZM7-2mDWQPxyz5P2F-dD3co2eOyYAErJGmF7V0U3O1P4U0cYo-vTtFll1CDj";2018-08-21 17:54:48
"803";"WXV3uVHOE3cUwsSW5tfQVSdH9KaC_wwvp_xHkcPgLdNCtCpKTWup-FoUSmDSogLN";NA
"804";"WY2bpqzw8SwCiDzGKFdGJHi9olE1OTe_29Ea3f1sgMcFuy-pfS3qFj59DeBbSafQ";2018-08-17 23:19:00
"805";"WYBawtFXJDZPz-OyhAII_tmhLIrLHSrKz4-A8fQzRyByv0rCXaa07hvANLBtJicL";2018-08-19 20:07:58
"806";"X8fRGkRo-DovHzK-TXl3TsCfKjgfofdiNZFFl6kmcxkR0kM_sLiWagHY7vIU3jsj";2018-08-09 23:11:18
"807";"XBkZoLpk74FO34or0MJc4MjWzJQnkBbhj-y1q-y5x2lBKbl_Nj3Wka9khyKUS0rK";2018-08-20 19:36:19
"808";"xbSIFnlHI2ohf8qI3H_-lV1bTuJDqWyJZgFL-qGua99je9U0PFMmoBUTAYrwvLKX";2018-08-15 03:32:25
"809";"XEaDnYo0ujYNCPQaon--z3-X2GiXvq5rzUADESBV5ReDQHfjchGZdvGLI9lXfIw_";2018-08-07 17:32:45
"810";"XgtyMaVL57s65Ef-1xhHov7q359dUNi9a3J2uOFU8EFpqj8bdKh5Oe9OtXvqmzNA";2018-08-18 01:01:31
"811";"XIL9QqG4wZQqc398ZlxKkVzanOfEXOzPra32gSx0ehZPcPeaH4s8EhycHRlXhIBo";2018-08-08 04:43:01
"812";"Xjhoi_sfpijR-TcrKuGvvUb411URaE2mAd5kH6CPWQoMF__mvtDi2EMS7igurJyY";2018-08-20 00:05:24
"813";"XknMqT26CbNh9ECh7NH1YyfMkwSryzqbXC7CT_14uTLHUa92pd8LMcKvFsLKlyEK";2018-08-14 19:44:40
"814";"xlnKcwQon4_apOnjP6Vp676KlpSp2Azq1eP-zmDyU7kYYJsE45mu0i4BAGFYPdUT";2018-08-19 18:02:47
"815";"XMRP0jitJEti9Ufkz1-ZAOkTtoTbTTrEVU0IkbKbsCIkNMIEHXuxIcscTYvN8yIK";NA
"816";"XMUIbSIlwhUtI7kAcYuUHuXkFw1CxXbuaVLNXcNOWkaTaiXA2e7L3gmpY6H0nxsV";2018-08-17 20:51:21
"817";"XoNnO9Vr2RVmjkqRawUMKur9Hyp-7ogiNaIBeyGBy56DOhs7043ra6a6br_8zTI_";2018-08-20 19:31:12
"818";"xp_G5ONTMDj2K9XC9bzGqnSqc5V1KTZpj7lawNy2Mt1kB0SQsyqjHaDG5gevthar";2018-08-19 18:51:42
"819";"xqm7UlVxs8yLPOAbWTRBDO6N96bijiYYup8uHpXeq2WnGesIuTW2gqFPVmOmUZj_";2018-08-08 17:44:25
"820";"XSC3IIZWYkMJMcCDEMwtE2yyVwhiacINnqYgnF0rVpVhuz5ptR5udEkD8bZ_URQo";2018-08-15 20:20:23
"821";"Xuo-mSIhhKzBOY6VLF-2ZStjeLTAlpe3BA6ey9ZBakzUuaQB94xIzDj1gW06TNhZ";NA
"822";"XwC_KSi2Uk8XLzK3_LoEeQw5bs_5NXPjqHd80T5mQt0vTi67he82oVAP3vtiJfpG";2018-08-07 17:33:48
"823";"XWgoGGRrAHKvKvK4HivaVtPHJINtY8hBTRgxm2agV9l_RKnKhOYmvbkgZJp83UCa";2018-08-23 18:33:37
"824";"XzcTTCbOdRwDbenMxVuD08H_0nuFX_hJMyhOlenzawjg48Xm8XMaJfms_xD_RuWL";2018-08-17 02:03:02
"825";"XzezXuKw0keQlpMwvoT1ZSYdPm6X5cRgH4Rmi1-OZnKldOjFnpW0Ki96OwLmbhiq";2018-08-23 16:26:21
"826";"xzi0zhuvP2xOmBrC0samD4nBEyJ7IfJdv3Ml-fk3jLZSlKkG1jKXUid4fJYfpiFy";2018-08-19 22:48:27
"827";"xzJbH4o8GKyGd1Tz1ppjGNN-DsM4VSdIQiuv38fbpetlABsEJVnvyFqJpV1iv01B";2018-08-19 19:41:41
"828";"XzmaFXJqaVtGWt2Oa9TZKtO51Ks8eeCm91VrsF3UxmtYDggd9k-6Q4gO8VhXLL2-";2018-08-20 00:25:46
"829";"y_ivGSgUC1yeL5mhhymlzTGaGaaax_Gbao3NkdQeXaPj8pdY-Gn7K4x_9efc-cAz";2018-08-20 22:38:18
"830";"Y1qgFq-oB8WNQb6977jqT4IJXDzx87eOsrySrw4UcjjFvM4mS60Z94gPl6h2vBxn";2018-08-19 08:31:40
"831";"Y5nLsD6EhctVDTeYZQEt9fms4FHgP9HjWPi_v-F_3IYx_1zEyP5hwtp5tP9DYs3Y";2018-08-07 17:37:52
"832";"y97Q-CGztkxY3qaPSeHxFHDaKi-ODaSUlQcSWE__8InAn_6BXw-01dM7tTYt1Bb9";2018-08-19 18:18:22
"833";"Y9kZsd8qD4jnUa1E4EzpV30CiRjFdSHo4OUDpYkhFMWL6RV6D2OlttN5KbP-hfwc";2018-08-20 20:47:12
"834";"ycRtmEa4ioC7zHCrcyq4oF18JU-4RyTIqsBAdxkIUUvlPheSpHGGM3Gp4qFSI1hc";2018-08-20 18:43:31
"835";"yct52p7EdcuJnkLJ0bBRe2PStmXTFuU5uc-O3QnG8_7epgHCRTiCek-e5OO2zQAZ";2018-08-17 23:20:00
"836";"YdO_ngSeEFvMslHy4TkPXdZ5Yjoq0W7arGAqlT9nA3Voi1cAQlD5-A_bCLurokVW";2018-08-23 06:02:00
"837";"Ydv0h3RFXWKt7_AwPDwriSCQBI1vefUZyTprOcs5ownyxXudbV3mLPVnmjotuZf5";2018-08-19 21:13:20
"838";"yfZEwTbASezXDcNI2AEQdrgwdb1RLvwOJtgoNRi6_u80fPxl5GUxAT9IYyWyht3K";2018-08-19 22:00:01
"839";"YHNIrE856JP4K-86DnB7RCgeL8056xp1a5y598JGYjKt64V_wJ7yBUq0qSHa3_8U";2018-08-16 20:02:22
"840";"yiIyNCtHHDaCak3PYTep_nug6w39V5i7k-5NViBTrGhl2DZIlABpQPHcgrOoFe8K";2018-08-15 20:18:44
"841";"YINQBdDPokjksAsSLbfcXD9EosBRWTA5L_MRIZjVAVdfHHaxFjJgUxwC2ZBH2QuZ";2018-08-18 02:12:07
"842";"yiTvsVrkxHJAexjY_lW9Wxb49iDEVCE1lkzx6JXH6K5usazjxQ4RmMLyjymxaXSO";2018-08-14 20:31:42
"843";"yoIuqv7k6H9T1tHa6H6P9yytRy_uq2_qdlbcRxjTdSXGd6afL_A5R1gQ_PL9Rc_h";2018-08-09 19:09:06
"844";"YqTC3qWagvg4t1c8RNQn8dsrXk0CcBsQIgLUK8KmZDJYhmiTXVxW9ea8cFnFfpEF";2018-08-18 01:21:37
"845";"yV9MjSUx5sE2qHA-mklTFtdS6hxOPDkSWPDILg2rqzQBj7APoL5QXMkdENKPqmlK";2018-07-27 16:31:13
"846";"yweQYldEvN41KpJETpKXG2RXqzvzyGApDI4bfD8CXqvEuG2sjLZ5Y3H6z74AdYxZ";2018-08-15 20:08:56
"847";"yWmjMJrL4eRsdX2H_v_jKxKfMDbOOGzc1IzgZ1qGP7BebHxehwodQA0UgvW_wDSE";2018-08-19 18:17:54
"848";"ywnXx1PlAySmVxnSLbG9OczGiZCF_Ck_pm0tvLW4XtqqbF9CnQKn5dQuU_4sqxIt";2018-08-24 06:25:52
"849";"yXo0u-DotW-S6MyjeLp5_XacbCd-kq8QohxST3FclGdmRAe37TPS7wOBVZIdRT5H";2018-08-19 21:30:05
"850";"YxWwY_prGc76uFeVv7OcV94b0euiqLU6xBjkYF4MJGcmnfWQYpyB-SEhojyUk8XS";2018-08-15 20:37:02
"851";"Z_MyqO2r9dSPlhbkZjyBeo75SjXoWKc2xouxwas6_-K23gIYDcyR4CLgOjCxFA-Y";2018-08-18 03:13:19
"852";"Z-4oy5t24CPWYDrFN9rrhPLMBiLp8Abb9R5KZ4KEvrdFSq5QktOcthkFO3mK0987";2018-08-19 23:16:41
"853";"z-oILuFNYZAA4du6J6-jXH6JBwVKPHUfGEY3qQbrv6VJmgLBygqxHJiJMD4kNxg8";2018-08-19 15:55:42
"854";"z08SttkZIADYnUQ1knsjW35Qnxa6gVLGTW_fnCd_E_1IKOKABJ4tUbO07Zev6kaD";2018-08-19 18:40:45
"855";"Z0eHzHiAyZAnmsXLA2c6ip4gLAj0mCAvKj5eojyDVbVHeLxfimUyZ50s1RXupRKD";2018-08-19 23:27:20
"856";"z3T3urLnhDtl5xkRqSWXUAkwHZ3gInKdYJULRv_Ta6hx5g6agdU8fnyEvbb0TKX3";2018-08-07 17:25:29
"857";"Z6GwXNuWyReSUMgQsFsa9hrkl5Vs6RnboeJyvnm2iJt6PH1dFQA1hZl5OSsXLgjs";2018-08-20 18:31:41
"858";"z9EYSjyHifSEFGDO9FD3Z5IHlJ3prl-qI67Pnfqgu0z0KsPgDO4SgPSmKqLcQlR7";2018-08-19 19:18:54
"859";"zA5OoazmT0aqz_O6mMHc69eSBuUqrhb_UeeyzMDNn_FbGZQZH0mwTp2O-zkxXLOM";2018-08-21 02:15:09
"860";"ZaGVEYj94rwFBuaDO-oR-GU5f9iQHnY31DPJAZ5EAj7g31GKo0Ams2xqhwyIOxTb";2018-08-19 19:12:01
"861";"ZAI-Ek03ypyips71biyxTa5LW_lRJBNpDd1bemG0_CKP4XzVb_nEZ2BSbu0V7Atu";2018-08-14 19:17:00
"862";"zAlQim2QHObJP6v7KEqiIPDWaf6cH02UjlsCzyE1GoTyod_CYGDtN5pfr605mb_V";2018-08-14 19:19:27
"863";"zAzOH4oowuQSB-apn7p_leF36ClcHooy_1MacMHhCo5ck8cU7uQeLMlRUSplaB5I";2018-08-07 17:22:58
"864";"zEAAGoOL9fk3VxgawwejA03foMZeE9E_Wh65iI1ueYiUtMlHvlEOk7_foPpfr6BL";2018-08-20 19:37:22
"865";"zEBo9Pz9uGOEoXWEI5EAnnzbO_O8aP-MKEksQ4uzoBNqm4eG9azy41iDTz12bNN1";2018-08-20 18:47:20
"866";"zEQSsloOtWWu8_UxDFjdolm3c63oGx2rOglZaNMzeAKKfzUy9Q9NlXHBi-B7Wsfe";2018-08-16 00:50:36
"867";"zf5Lp_PzDig_9ghA-1wHj0sqRiPlpEn37HTQ60ZBIAjDMEDyfs9pj3ifUpmuo-hC";2018-08-16 20:03:31
"868";"zhWBuz5Anivv6bInAeQpRq71VXFwqbOIqNf1_RafvSEL2SJVL7oFqqMFTLkxg2JF";NA
"869";"zjnTGPYe7oSo5XUfcfydGV8b9lcA9-DYswRUXR07FxH_MFZ9RwT31BfBLXoAGOQe";2018-08-17 22:34:23
"870";"zKegYbOYVR9jamyIvYmi5vxJ57fipV0aBKkZpWYog5FdSeN6A6ZWifVsbr04p3IR";2018-08-07 17:14:33
"871";"Zkos7Nqg8fq1gFXQHVpOs3hCu7fpRUgU7furMAin7i5FbvKKbcOXdiWsz2ZBKObv";2018-08-15 20:23:17
"872";"ZLIz4jtltrTaROnu8HK4taBa1nW_drTYSl24pXxz837m4Ae8g2BK_twO0gOGdnmq";2018-08-10 20:58:25
"873";"Zlp7YnR9lwVxhI92YLEI-M1BOhoTB1r7y3LcrdY5HZVkrQ6q4UidMfG3WboM2nka";2018-08-17 23:09:47
"874";"Zn6jRHczVP-xIh1pIQXp1QWLsWkYW3CEAlcDej1Nh1YBUfJnISBOXAK9BuiQcPTW";NA
"875";"ZoKzQHP_lSi6NuM-ZNFD5kTVNPDcimLL3nKY3QBYVxM8kAvXXqn8icDchxHaswKB";2018-08-19 23:42:02
"876";"zPR6wAXgSj11nxx03PBBNUVcCeSFcTrnLu1NeeIaUVbQLaolXdfb1kbmt_2y1p-f";2018-08-18 04:51:54
"877";"ZpX3XxzQPlzmkwqUjGzN2zdMi73sYg2V_DecGoYE8iJts8hWOtWzOqbYbiQTcKBn";2018-08-15 20:18:13
"878";"Zq92g7ZdeIWyjPa4TeoKwh-MhYS30qY8Tha_4Ci7U2Eq7y-ieJ_cL28T7Ms4cGf5";2018-08-19 18:22:32
"879";"zqarWXyDGyNjsQpIcedSEJtsZtxhhTDq1MJ-tCapUXa-QbNpMlWoBBbt80Prgz2V";2018-08-14 20:32:55
"880";"zRlOa53DwB1wWEegHAcwr0g58PxDoNfkaOPAE7Sc4NRTHHaR3RRN7WwDNEZxC7zL";2018-08-14 20:39:55
"881";"zsESXR0q1yS6WdJHjQnTQiq_Z4LoDN-MyAxH2BL1ZI8VU61DZ4SFcEuJvgjO3ZtX";2018-08-16 00:20:14
"882";"ZW95Idt3d4z3rs3GXypsU4a0H8bE_4oYMipfQJpoH13H-vGsqlJx40D8vBuhi1US";2018-08-20 00:16:36
"883";"zWSrdvUFMZfs_bxhgwll2ULyNMIBohczMY3taPVzznnwbGSk_HuDeNLcJfTW7phM";2018-08-21 05:04:45
"884";"zxWkhY2fZirx4o-Xs7EGP1LdbjZWDcAXWygV6jSRyUO_9tuXR_0RIyWw_x_3j1hu";2018-08-19 19:04:30
